sample_id,video_id,video_path,start_timestamp,stop_timestamp,start_sec,end_sec,duration_sec,start_frame,end_frame,fps,verb_class,noun_class,feature_path,montage_path
P01_05_425690_427790_T64_D4,P01_05,F:/EgoSSL/epic-tfc/data/EPIC-KITCHENS\P01\videos\P01_05.MP4,00:07:05.69,00:07:07.79,425.69,427.79,2.1000000000000227,25515,25642,59.939243139106054,1,18,F:/EgoSSL/epic-tfc/stage2_minidataset\dataset_npys\P01_05_425690_427790_T64_D4.npy,F:/EgoSSL/epic-tfc/stage2_minidataset\montages\P01_05_425690_427790_T64_D4.jpg
P01_05_343840_346500_T64_D4,P01_05,F:/EgoSSL/epic-tfc/data/EPIC-KITCHENS\P01\videos\P01_05.MP4,00:05:43.84,00:05:46.50,343.84000000000003,346.5,2.659999999999968,20609,20769,59.939243139106054,4,3,F:/EgoSSL/epic-tfc/stage2_minidataset\dataset_npys\P01_05_343840_346500_T64_D4.npy,F:/EgoSSL/epic-tfc/stage2_minidataset\montages\P01_05_343840_346500_T64_D4.jpg
P01_05_806930_808800_T64_D4,P01_05,F:/EgoSSL/epic-tfc/data/EPIC-KITCHENS\P01\videos\P01_05.MP4,00:13:26.93,00:13:28.80,806.93,808.8,1.8700000000000045,48366,48479,59.939243139106054,17,24,F:/EgoSSL/epic-tfc/stage2_minidataset\dataset_npys\P01_05_806930_808800_T64_D4.npy,F:/EgoSSL/epic-tfc/stage2_minidataset\montages\P01_05_806930_808800_T64_D4.jpg
P01_05_978150_980610_T64_D4,P01_05,F:/EgoSSL/epic-tfc/data/EPIC-KITCHENS\P01\videos\P01_05.MP4,00:16:18.15,00:16:20.61,978.15,980.61,2.4600000000000364,58629,58778,59.939243139106054,22,86,F:/EgoSSL/epic-tfc/stage2_minidataset\dataset_npys\P01_05_978150_980610_T64_D4.npy,F:/EgoSSL/epic-tfc/stage2_minidataset\montages\P01_05_978150_980610_T64_D4.jpg
P01_05_8029_8700_T64_D4,P01_05,F:/EgoSSL/epic-tfc/data/EPIC-KITCHENS\P01\videos\P01_05.MP4,00:00:08.03,00:00:08.70,8.03,8.7,0.6699999999999999,481,522,59.939243139106054,11,21,F:/EgoSSL/epic-tfc/stage2_minidataset\dataset_npys\P01_05_8029_8700_T64_D4.npy,F:/EgoSSL/epic-tfc/stage2_minidataset\montages\P01_05_8029_8700_T64_D4.jpg
P01_05_106050_106880_T64_D4,P01_05,F:/EgoSSL/epic-tfc/data/EPIC-KITCHENS\P01\videos\P01_05.MP4,00:01:46.05,00:01:46.88,106.05,106.88,0.8299999999999983,6356,6407,59.939243139106054,1,97,F:/EgoSSL/epic-tfc/stage2_minidataset\dataset_npys\P01_05_106050_106880_T64_D4.npy,F:/EgoSSL/epic-tfc/stage2_minidataset\montages\P01_05_106050_106880_T64_D4.jpg
P01_05_22330_24310_T64_D4,P01_05,F:/EgoSSL/epic-tfc/data/EPIC-KITCHENS\P01\videos\P01_05.MP4,00:00:22.33,00:00:24.31,22.33,24.31,1.9800000000000004,1338,1458,59.939243139106054,1,86,F:/EgoSSL/epic-tfc/stage2_minidataset\dataset_npys\P01_05_22330_24310_T64_D4.npy,F:/EgoSSL/epic-tfc/stage2_minidataset\montages\P01_05_22330_24310_T64_D4.jpg
P01_05_749040_750850_T64_D4,P01_05,F:/EgoSSL/epic-tfc/data/EPIC-KITCHENS\P01\videos\P01_05.MP4,00:12:29.04,00:12:30.85,749.04,750.85,1.8100000000000591,44896,45006,59.939243139106054,41,73,F:/EgoSSL/epic-tfc/stage2_minidataset\dataset_npys\P01_05_749040_750850_T64_D4.npy,F:/EgoSSL/epic-tfc/stage2_minidataset\montages\P01_05_749040_750850_T64_D4.jpg
P01_05_379960_381660_T64_D4,P01_05,F:/EgoSSL/epic-tfc/data/EPIC-KITCHENS\P01\videos\P01_05.MP4,00:06:19.96,00:06:21.66,379.96,381.66,1.7000000000000455,22774,22877,59.939243139106054,9,27,F:/EgoSSL/epic-tfc/stage2_minidataset\dataset_npys\P01_05_379960_381660_T64_D4.npy,F:/EgoSSL/epic-tfc/stage2_minidataset\montages\P01_05_379960_381660_T64_D4.jpg
P01_05_1183120_1187780_T64_D4,P01_05,F:/EgoSSL/epic-tfc/data/EPIC-KITCHENS\P01\videos\P01_05.MP4,00:19:43.12,00:19:47.78,1183.12,1187.78,4.660000000000082,70915,71195,59.939243139106054,9,30,F:/EgoSSL/epic-tfc/stage2_minidataset\dataset_npys\P01_05_1183120_1187780_T64_D4.npy,F:/EgoSSL/epic-tfc/stage2_minidataset\montages\P01_05_1183120_1187780_T64_D4.jpg
P01_05_507630_508930_T64_D4,P01_05,F:/EgoSSL/epic-tfc/data/EPIC-KITCHENS\P01\videos\P01_05.MP4,00:08:27.63,00:08:28.93,507.63,508.93,1.3000000000000114,30426,30505,59.939243139106054,1,4,F:/EgoSSL/epic-tfc/stage2_minidataset\dataset_npys\P01_05_507630_508930_T64_D4.npy,F:/EgoSSL/epic-tfc/stage2_minidataset\montages\P01_05_507630_508930_T64_D4.jpg
P01_05_190410_191280_T64_D4,P01_05,F:/EgoSSL/epic-tfc/data/EPIC-KITCHENS\P01\videos\P01_05.MP4,00:03:10.41,00:03:11.28,190.41,191.28,0.8700000000000045,11413,11466,59.939243139106054,3,8,F:/EgoSSL/epic-tfc/stage2_minidataset\dataset_npys\P01_05_190410_191280_T64_D4.npy,F:/EgoSSL/epic-tfc/stage2_minidataset\montages\P01_05_190410_191280_T64_D4.jpg
P01_05_997000_1000600_T64_D4,P01_05,F:/EgoSSL/epic-tfc/data/EPIC-KITCHENS\P01\videos\P01_05.MP4,00:16:37.00,00:16:40.60,997.0,1000.6,3.6000000000000227,59759,59976,59.939243139106054,22,86,F:/EgoSSL/epic-tfc/stage2_minidataset\dataset_npys\P01_05_997000_1000600_T64_D4.npy,F:/EgoSSL/epic-tfc/stage2_minidataset\montages\P01_05_997000_1000600_T64_D4.jpg
P01_05_83220_84660_T64_D4,P01_05,F:/EgoSSL/epic-tfc/data/EPIC-KITCHENS\P01\videos\P01_05.MP4,00:01:23.22,00:01:24.66,83.22,84.66,1.4399999999999977,4988,5075,59.939243139106054,5,10,F:/EgoSSL/epic-tfc/stage2_minidataset\dataset_npys\P01_05_83220_84660_T64_D4.npy,F:/EgoSSL/epic-tfc/stage2_minidataset\montages\P01_05_83220_84660_T64_D4.jpg
P01_05_994260_996680_T64_D4,P01_05,F:/EgoSSL/epic-tfc/data/EPIC-KITCHENS\P01\videos\P01_05.MP4,00:16:34.26,00:16:36.68,994.26,996.68,2.419999999999959,59595,59741,59.939243139106054,22,86,F:/EgoSSL/epic-tfc/stage2_minidataset\dataset_npys\P01_05_994260_996680_T64_D4.npy,F:/EgoSSL/epic-tfc/stage2_minidataset\montages\P01_05_994260_996680_T64_D4.jpg
P01_05_296850_298100_T64_D4,P01_05,F:/EgoSSL/epic-tfc/data/EPIC-KITCHENS\P01\videos\P01_05.MP4,00:04:56.85,00:04:58.10,296.85,298.1,1.25,17792,17868,59.939243139106054,0,17,F:/EgoSSL/epic-tfc/stage2_minidataset\dataset_npys\P01_05_296850_298100_T64_D4.npy,F:/EgoSSL/epic-tfc/stage2_minidataset\montages\P01_05_296850_298100_T64_D4.jpg
P01_05_126460_127840_T64_D4,P01_05,F:/EgoSSL/epic-tfc/data/EPIC-KITCHENS\P01\videos\P01_05.MP4,00:02:06.46,00:02:07.84,126.46,127.84,1.3800000000000097,7579,7663,59.939243139106054,3,8,F:/EgoSSL/epic-tfc/stage2_minidataset\dataset_npys\P01_05_126460_127840_T64_D4.npy,F:/EgoSSL/epic-tfc/stage2_minidataset\montages\P01_05_126460_127840_T64_D4.jpg
P01_05_400780_402280_T64_D4,P01_05,F:/EgoSSL/epic-tfc/data/EPIC-KITCHENS\P01\videos\P01_05.MP4,00:06:40.78,00:06:42.28,400.78,402.28,1.5,24022,24113,59.939243139106054,4,8,F:/EgoSSL/epic-tfc/stage2_minidataset\dataset_npys\P01_05_400780_402280_T64_D4.npy,F:/EgoSSL/epic-tfc/stage2_minidataset\montages\P01_05_400780_402280_T64_D4.jpg
P01_05_288030_288610_T64_D4,P01_05,F:/EgoSSL/epic-tfc/data/EPIC-KITCHENS\P01\videos\P01_05.MP4,00:04:48.03,00:04:48.61,288.03,288.61,0.5800000000000409,17264,17300,59.939243139106054,1,4,F:/EgoSSL/epic-tfc/stage2_minidataset\dataset_npys\P01_05_288030_288610_T64_D4.npy,F:/EgoSSL/epic-tfc/stage2_minidataset\montages\P01_05_288030_288610_T64_D4.jpg
P01_05_1089170_1091480_T64_D4,P01_05,F:/EgoSSL/epic-tfc/data/EPIC-KITCHENS\P01\videos\P01_05.MP4,00:18:09.17,00:18:11.48,1089.17,1091.48,2.3099999999999454,65284,65423,59.939243139106054,17,24,F:/EgoSSL/epic-tfc/stage2_minidataset\dataset_npys\P01_05_1089170_1091480_T64_D4.npy,F:/EgoSSL/epic-tfc/stage2_minidataset\montages\P01_05_1089170_1091480_T64_D4.jpg
P01_05_1092720_1094420_T64_D4,P01_05,F:/EgoSSL/epic-tfc/data/EPIC-KITCHENS\P01\videos\P01_05.MP4,00:18:12.72,00:18:14.42,1092.72,1094.42,1.7000000000000455,65496,65599,59.939243139106054,0,142,F:/EgoSSL/epic-tfc/stage2_minidataset\dataset_npys\P01_05_1092720_1094420_T64_D4.npy,
P01_05_412980_414150_T64_D4,P01_05,F:/EgoSSL/epic-tfc/data/EPIC-KITCHENS\P01\videos\P01_05.MP4,00:06:52.98,00:06:54.15,412.98,414.15,1.169999999999959,24753,24824,59.939243139106054,1,38,F:/EgoSSL/epic-tfc/stage2_minidataset\dataset_npys\P01_05_412980_414150_T64_D4.npy,
P01_05_313200_314410_T64_D4,P01_05,F:/EgoSSL/epic-tfc/data/EPIC-KITCHENS\P01\videos\P01_05.MP4,00:05:13.20,00:05:14.41,313.2,314.41,1.2100000000000364,18772,18846,59.939243139106054,0,17,F:/EgoSSL/epic-tfc/stage2_minidataset\dataset_npys\P01_05_313200_314410_T64_D4.npy,
P01_05_468960_469960_T64_D4,P01_05,F:/EgoSSL/epic-tfc/data/EPIC-KITCHENS\P01\videos\P01_05.MP4,00:07:48.96,00:07:49.96,468.96,469.96,1.0,28109,28170,59.939243139106054,3,3,F:/EgoSSL/epic-tfc/stage2_minidataset\dataset_npys\P01_05_468960_469960_T64_D4.npy,
P01_05_111940_112509_T64_D4,P01_05,F:/EgoSSL/epic-tfc/data/EPIC-KITCHENS\P01\videos\P01_05.MP4,00:01:51.94,00:01:52.51,111.94,112.50999999999999,0.5699999999999932,6709,6744,59.939243139106054,1,4,F:/EgoSSL/epic-tfc/stage2_minidataset\dataset_npys\P01_05_111940_112509_T64_D4.npy,
P01_05_264720_268350_T64_D4,P01_05,F:/EgoSSL/epic-tfc/data/EPIC-KITCHENS\P01\videos\P01_05.MP4,00:04:24.72,00:04:28.35,264.72,268.35,3.6299999999999955,15867,16085,59.939243139106054,1,30,F:/EgoSSL/epic-tfc/stage2_minidataset\dataset_npys\P01_05_264720_268350_T64_D4.npy,
P01_05_384260_390730_T64_D4,P01_05,F:/EgoSSL/epic-tfc/data/EPIC-KITCHENS\P01\videos\P01_05.MP4,00:06:24.26,00:06:30.73,384.26,390.73,6.470000000000027,23032,23421,59.939243139106054,9,27,F:/EgoSSL/epic-tfc/stage2_minidataset\dataset_npys\P01_05_384260_390730_T64_D4.npy,
P01_05_142090_144410_T64_D4,P01_05,F:/EgoSSL/epic-tfc/data/EPIC-KITCHENS\P01\videos\P01_05.MP4,00:02:22.09,00:02:24.41,142.09,144.41,2.319999999999993,8516,8656,59.939243139106054,4,3,F:/EgoSSL/epic-tfc/stage2_minidataset\dataset_npys\P01_05_142090_144410_T64_D4.npy,
P01_05_325580_326480_T64_D4,P01_05,F:/EgoSSL/epic-tfc/data/EPIC-KITCHENS\P01\videos\P01_05.MP4,00:05:25.58,00:05:26.48,325.58,326.48,0.9000000000000341,19515,19569,59.939243139106054,3,36,F:/EgoSSL/epic-tfc/stage2_minidataset\dataset_npys\P01_05_325580_326480_T64_D4.npy,
P01_05_1219650_1226730_T64_D4,P01_05,F:/EgoSSL/epic-tfc/data/EPIC-KITCHENS\P01\videos\P01_05.MP4,00:20:19.65,00:20:26.73,1219.65,1226.73,7.079999999999927,73104,73530,59.939243139106054,2,5,F:/EgoSSL/epic-tfc/stage2_minidataset\dataset_npys\P01_05_1219650_1226730_T64_D4.npy,
P01_05_910050_911730_T64_D4,P01_05,F:/EgoSSL/epic-tfc/data/EPIC-KITCHENS\P01\videos\P01_05.MP4,00:15:10.05,00:15:11.73,910.05,911.73,1.6800000000000637,54547,54649,59.939243139106054,17,24,F:/EgoSSL/epic-tfc/stage2_minidataset\dataset_npys\P01_05_910050_911730_T64_D4.npy,
P01_05_199240_199820_T64_D4,P01_05,F:/EgoSSL/epic-tfc/data/EPIC-KITCHENS\P01\videos\P01_05.MP4,00:03:19.24,00:03:19.82,199.24,199.82,0.5799999999999841,11942,11978,59.939243139106054,4,8,F:/EgoSSL/epic-tfc/stage2_minidataset\dataset_npys\P01_05_199240_199820_T64_D4.npy,
P01_05_432350_434990_T64_D4,P01_05,F:/EgoSSL/epic-tfc/data/EPIC-KITCHENS\P01\videos\P01_05.MP4,00:07:12.35,00:07:14.99,432.35,434.99,2.6399999999999864,25914,26073,59.939243139106054,13,86,F:/EgoSSL/epic-tfc/stage2_minidataset\dataset_npys\P01_05_432350_434990_T64_D4.npy,
P01_05_121700_122660_T64_D4,P01_05,F:/EgoSSL/epic-tfc/data/EPIC-KITCHENS\P01\videos\P01_05.MP4,00:02:01.70,00:02:02.66,121.7,122.66,0.9599999999999937,7294,7353,59.939243139106054,1,20,F:/EgoSSL/epic-tfc/stage2_minidataset\dataset_npys\P01_05_121700_122660_T64_D4.npy,
P01_05_408580_410330_T64_D4,P01_05,F:/EgoSSL/epic-tfc/data/EPIC-KITCHENS\P01\videos\P01_05.MP4,00:06:48.58,00:06:50.33,408.58,410.33,1.75,24489,24595,59.939243139106054,9,38,F:/EgoSSL/epic-tfc/stage2_minidataset\dataset_npys\P01_05_408580_410330_T64_D4.npy,
P01_05_645960_647960_T64_D4,P01_05,F:/EgoSSL/epic-tfc/data/EPIC-KITCHENS\P01\videos\P01_05.MP4,00:10:45.96,00:10:47.96,645.96,647.96,2.0,38718,38839,59.939243139106054,0,39,F:/EgoSSL/epic-tfc/stage2_minidataset\dataset_npys\P01_05_645960_647960_T64_D4.npy,
P01_05_25500_27880_T64_D4,P01_05,F:/EgoSSL/epic-tfc/data/EPIC-KITCHENS\P01\videos\P01_05.MP4,00:00:25.50,00:00:27.88,25.5,27.88,2.379999999999999,1528,1672,59.939243139106054,0,18,F:/EgoSSL/epic-tfc/stage2_minidataset\dataset_npys\P01_05_25500_27880_T64_D4.npy,
P01_05_46000_47850_T64_D4,P01_05,F:/EgoSSL/epic-tfc/data/EPIC-KITCHENS\P01\videos\P01_05.MP4,00:00:46.00,00:00:47.85,46.0,47.85,1.8500000000000014,2757,2869,59.939243139106054,0,5,F:/EgoSSL/epic-tfc/stage2_minidataset\dataset_npys\P01_05_46000_47850_T64_D4.npy,
P01_05_695040_696720_T64_D4,P01_05,F:/EgoSSL/epic-tfc/data/EPIC-KITCHENS\P01\videos\P01_05.MP4,00:11:35.04,00:11:36.72,695.04,696.72,1.6800000000000637,41660,41761,59.939243139106054,0,86,F:/EgoSSL/epic-tfc/stage2_minidataset\dataset_npys\P01_05_695040_696720_T64_D4.npy,
P01_05_164890_165940_T64_D4,P01_05,F:/EgoSSL/epic-tfc/data/EPIC-KITCHENS\P01\videos\P01_05.MP4,00:02:44.89,00:02:45.94,164.89,165.94,1.0500000000000114,9883,9947,59.939243139106054,0,44,F:/EgoSSL/epic-tfc/stage2_minidataset\dataset_npys\P01_05_164890_165940_T64_D4.npy,
P01_05_294860_296100_T64_D4,P01_05,F:/EgoSSL/epic-tfc/data/EPIC-KITCHENS\P01\videos\P01_05.MP4,00:04:54.86,00:04:56.10,294.86,296.1,1.240000000000009,17673,17749,59.939243139106054,1,5,F:/EgoSSL/epic-tfc/stage2_minidataset\dataset_npys\P01_05_294860_296100_T64_D4.npy,
P01_05_990270_992800_T64_D4,P01_05,F:/EgoSSL/epic-tfc/data/EPIC-KITCHENS\P01\videos\P01_05.MP4,00:16:30.27,00:16:32.80,990.27,992.8,2.5299999999999727,59356,59508,59.939243139106054,22,86,F:/EgoSSL/epic-tfc/stage2_minidataset\dataset_npys\P01_05_990270_992800_T64_D4.npy,
P01_05_1213290_1219650_T64_D4,P01_05,F:/EgoSSL/epic-tfc/data/EPIC-KITCHENS\P01\videos\P01_05.MP4,00:20:13.29,00:20:19.65,1213.29,1219.65,6.360000000000127,72723,73105,59.939243139106054,2,5,F:/EgoSSL/epic-tfc/stage2_minidataset\dataset_npys\P01_05_1213290_1219650_T64_D4.npy,
P01_05_402720_404070_T64_D4,P01_05,F:/EgoSSL/epic-tfc/data/EPIC-KITCHENS\P01\videos\P01_05.MP4,00:06:42.72,00:06:44.07,402.72,404.07,1.349999999999966,24138,24220,59.939243139106054,3,38,F:/EgoSSL/epic-tfc/stage2_minidataset\dataset_npys\P01_05_402720_404070_T64_D4.npy,
P01_05_1228160_1230910_T64_D4,P01_05,F:/EgoSSL/epic-tfc/data/EPIC-KITCHENS\P01\videos\P01_05.MP4,00:20:28.16,00:20:30.91,1228.16,1230.91,2.75,73614,73780,59.939243139106054,3,31,F:/EgoSSL/epic-tfc/stage2_minidataset\dataset_npys\P01_05_1228160_1230910_T64_D4.npy,
P01_05_584210_586500_T64_D4,P01_05,F:/EgoSSL/epic-tfc/data/EPIC-KITCHENS\P01\videos\P01_05.MP4,00:09:44.21,00:09:46.50,584.21,586.5,2.2899999999999636,35017,35155,59.939243139106054,1,15,F:/EgoSSL/epic-tfc/stage2_minidataset\dataset_npys\P01_05_584210_586500_T64_D4.npy,
P01_05_1258780_1260000_T64_D4,P01_05,F:/EgoSSL/epic-tfc/data/EPIC-KITCHENS\P01\videos\P01_05.MP4,00:20:58.78,00:21:00.00,1258.78,1260.0,1.2200000000000273,75450,75524,59.939243139106054,1,277,F:/EgoSSL/epic-tfc/stage2_minidataset\dataset_npys\P01_05_1258780_1260000_T64_D4.npy,
P01_05_481670_483160_T64_D4,P01_05,F:/EgoSSL/epic-tfc/data/EPIC-KITCHENS\P01\videos\P01_05.MP4,00:08:01.67,00:08:03.16,481.67,483.16,1.490000000000009,28870,28961,59.939243139106054,3,8,F:/EgoSSL/epic-tfc/stage2_minidataset\dataset_npys\P01_05_481670_483160_T64_D4.npy,
P01_05_1167500_1168730_T64_D4,P01_05,F:/EgoSSL/epic-tfc/data/EPIC-KITCHENS\P01\videos\P01_05.MP4,00:19:27.50,00:19:28.73,1167.5,1168.73,1.2300000000000182,69979,70053,59.939243139106054,0,5,F:/EgoSSL/epic-tfc/stage2_minidataset\dataset_npys\P01_05_1167500_1168730_T64_D4.npy,
P01_05_547360_549320_T64_D4,P01_05,F:/EgoSSL/epic-tfc/data/EPIC-KITCHENS\P01\videos\P01_05.MP4,00:09:07.36,00:09:09.32,547.36,549.32,1.9600000000000364,32808,32926,59.939243139106054,1,14,F:/EgoSSL/epic-tfc/stage2_minidataset\dataset_npys\P01_05_547360_549320_T64_D4.npy,
P01_05_191570_192930_T64_D4,P01_05,F:/EgoSSL/epic-tfc/data/EPIC-KITCHENS\P01\videos\P01_05.MP4,00:03:11.57,00:03:12.93,191.57,192.93,1.3600000000000136,11482,11565,59.939243139106054,4,8,F:/EgoSSL/epic-tfc/stage2_minidataset\dataset_npys\P01_05_191570_192930_T64_D4.npy,
P01_05_1262520_1263740_T64_D4,P01_05,F:/EgoSSL/epic-tfc/data/EPIC-KITCHENS\P01\videos\P01_05.MP4,00:21:02.52,00:21:03.74,1262.52,1263.74,1.2200000000000273,75674,75748,59.939243139106054,0,4,F:/EgoSSL/epic-tfc/stage2_minidataset\dataset_npys\P01_05_1262520_1263740_T64_D4.npy,
P01_05_191240_192180_T64_D4,P01_05,F:/EgoSSL/epic-tfc/data/EPIC-KITCHENS\P01\videos\P01_05.MP4,00:03:11.24,00:03:12.18,191.24,192.18,0.9399999999999977,11462,11520,59.939243139106054,1,1,F:/EgoSSL/epic-tfc/stage2_minidataset\dataset_npys\P01_05_191240_192180_T64_D4.npy,
P01_05_152520_156940_T64_D4,P01_05,F:/EgoSSL/epic-tfc/data/EPIC-KITCHENS\P01\videos\P01_05.MP4,00:02:32.52,00:02:36.94,152.52,156.94,4.4199999999999875,9141,9407,59.939243139106054,5,6,F:/EgoSSL/epic-tfc/stage2_minidataset\dataset_npys\P01_05_152520_156940_T64_D4.npy,
P01_05_291210_291980_T64_D4,P01_05,F:/EgoSSL/epic-tfc/data/EPIC-KITCHENS\P01\videos\P01_05.MP4,00:04:51.21,00:04:51.98,291.21,291.98,0.7700000000000387,17454,17502,59.939243139106054,5,4,F:/EgoSSL/epic-tfc/stage2_minidataset\dataset_npys\P01_05_291210_291980_T64_D4.npy,
P01_05_1241530_1244430_T64_D4,P01_05,F:/EgoSSL/epic-tfc/data/EPIC-KITCHENS\P01\videos\P01_05.MP4,00:20:41.53,00:20:44.43,1241.53,1244.43,2.900000000000091,74416,74591,59.939243139106054,1,31,F:/EgoSSL/epic-tfc/stage2_minidataset\dataset_npys\P01_05_1241530_1244430_T64_D4.npy,
P01_05_1000700_1003180_T64_D4,P01_05,F:/EgoSSL/epic-tfc/data/EPIC-KITCHENS\P01\videos\P01_05.MP4,00:16:40.70,00:16:43.18,1000.7,1003.18,2.4799999999999045,59981,60130,59.939243139106054,22,86,F:/EgoSSL/epic-tfc/stage2_minidataset\dataset_npys\P01_05_1000700_1003180_T64_D4.npy,
P01_05_1195710_1196940_T64_D4,P01_05,F:/EgoSSL/epic-tfc/data/EPIC-KITCHENS\P01\videos\P01_05.MP4,00:19:55.71,00:19:56.94,1195.71,1196.94,1.2300000000000182,71669,71744,59.939243139106054,0,14,F:/EgoSSL/epic-tfc/stage2_minidataset\dataset_npys\P01_05_1195710_1196940_T64_D4.npy,
P01_05_653450_654460_T64_D4,P01_05,F:/EgoSSL/epic-tfc/data/EPIC-KITCHENS\P01\videos\P01_05.MP4,00:10:53.45,00:10:54.46,653.45,654.46,1.009999999999991,39167,39228,59.939243139106054,0,23,F:/EgoSSL/epic-tfc/stage2_minidataset\dataset_npys\P01_05_653450_654460_T64_D4.npy,
P01_05_1165840_1167730_T64_D4,P01_05,F:/EgoSSL/epic-tfc/data/EPIC-KITCHENS\P01\videos\P01_05.MP4,00:19:25.84,00:19:27.73,1165.84,1167.73,1.8900000000001,69879,69993,59.939243139106054,8,24,F:/EgoSSL/epic-tfc/stage2_minidataset\dataset_npys\P01_05_1165840_1167730_T64_D4.npy,
P01_05_884590_888080_T64_D4,P01_05,F:/EgoSSL/epic-tfc/data/EPIC-KITCHENS\P01\videos\P01_05.MP4,00:14:44.59,00:14:48.08,884.59,888.08,3.490000000000009,53021,53231,59.939243139106054,11,5,F:/EgoSSL/epic-tfc/stage2_minidataset\dataset_npys\P01_05_884590_888080_T64_D4.npy,
P01_05_70289_73820_T64_D4,P01_05,F:/EgoSSL/epic-tfc/data/EPIC-KITCHENS\P01\videos\P01_05.MP4,00:01:10.29,00:01:13.82,70.28999999999999,73.82,3.530000000000001,4213,4425,59.939243139106054,5,7,F:/EgoSSL/epic-tfc/stage2_minidataset\dataset_npys\P01_05_70289_73820_T64_D4.npy,
P01_05_1050090_1051800_T64_D4,P01_05,F:/EgoSSL/epic-tfc/data/EPIC-KITCHENS\P01\videos\P01_05.MP4,00:17:30.09,00:17:31.80,1050.09,1051.8,1.7100000000000364,62941,63045,59.939243139106054,22,86,F:/EgoSSL/epic-tfc/stage2_minidataset\dataset_npys\P01_05_1050090_1051800_T64_D4.npy,
P01_05_629770_634480_T64_D4,P01_05,F:/EgoSSL/epic-tfc/data/EPIC-KITCHENS\P01\videos\P01_05.MP4,00:10:29.77,00:10:34.48,629.77,634.48,4.710000000000036,37747,38031,59.939243139106054,0,23,F:/EgoSSL/epic-tfc/stage2_minidataset\dataset_npys\P01_05_629770_634480_T64_D4.npy,
P01_05_956920_958580_T64_D4,P01_05,F:/EgoSSL/epic-tfc/data/EPIC-KITCHENS\P01\videos\P01_05.MP4,00:15:56.92,00:15:58.58,956.92,958.58,1.6600000000000819,57357,57457,59.939243139106054,0,280,F:/EgoSSL/epic-tfc/stage2_minidataset\dataset_npys\P01_05_956920_958580_T64_D4.npy,
P01_05_636510_644310_T64_D4,P01_05,F:/EgoSSL/epic-tfc/data/EPIC-KITCHENS\P01\videos\P01_05.MP4,00:10:36.51,00:10:44.31,636.51,644.31,7.7999999999999545,38151,38620,59.939243139106054,3,23,F:/EgoSSL/epic-tfc/stage2_minidataset\dataset_npys\P01_05_636510_644310_T64_D4.npy,
P01_05_976800_977300_T64_D4,P01_05,F:/EgoSSL/epic-tfc/data/EPIC-KITCHENS\P01\videos\P01_05.MP4,00:16:16.80,00:16:17.30,976.8,977.3,0.5,58548,58579,59.939243139106054,0,142,F:/EgoSSL/epic-tfc/stage2_minidataset\dataset_npys\P01_05_976800_977300_T64_D4.npy,
P01_05_737450_738260_T64_D4,P01_05,F:/EgoSSL/epic-tfc/data/EPIC-KITCHENS\P01\videos\P01_05.MP4,00:12:17.45,00:12:18.26,737.45,738.26,0.8099999999999454,44202,44251,59.939243139106054,41,73,F:/EgoSSL/epic-tfc/stage2_minidataset\dataset_npys\P01_05_737450_738260_T64_D4.npy,
P01_05_1030750_1033470_T64_D4,P01_05,F:/EgoSSL/epic-tfc/data/EPIC-KITCHENS\P01\videos\P01_05.MP4,00:17:10.75,00:17:13.47,1030.75,1033.47,2.7200000000000273,61782,61946,59.939243139106054,22,86,F:/EgoSSL/epic-tfc/stage2_minidataset\dataset_npys\P01_05_1030750_1033470_T64_D4.npy,
P01_05_156880_158300_T64_D4,P01_05,F:/EgoSSL/epic-tfc/data/EPIC-KITCHENS\P01\videos\P01_05.MP4,00:02:36.88,00:02:38.30,156.88,158.3,1.420000000000016,9403,9489,59.939243139106054,4,3,F:/EgoSSL/epic-tfc/stage2_minidataset\dataset_npys\P01_05_156880_158300_T64_D4.npy,
P01_05_112750_113820_T64_D4,P01_05,F:/EgoSSL/epic-tfc/data/EPIC-KITCHENS\P01\videos\P01_05.MP4,00:01:52.75,00:01:53.82,112.75,113.82,1.0699999999999932,6758,6823,59.939243139106054,0,20,F:/EgoSSL/epic-tfc/stage2_minidataset\dataset_npys\P01_05_112750_113820_T64_D4.npy,
P01_05_985840_989550_T64_D4,P01_05,F:/EgoSSL/epic-tfc/data/EPIC-KITCHENS\P01\videos\P01_05.MP4,00:16:25.84,00:16:29.55,985.84,989.55,3.7099999999999227,59090,59313,59.939243139106054,22,86,F:/EgoSSL/epic-tfc/stage2_minidataset\dataset_npys\P01_05_985840_989550_T64_D4.npy,
P01_05_465000_467720_T64_D4,P01_05,F:/EgoSSL/epic-tfc/data/EPIC-KITCHENS\P01\videos\P01_05.MP4,00:07:45.00,00:07:47.72,465.0,467.72,2.7200000000000273,27871,28035,59.939243139106054,14,11,F:/EgoSSL/epic-tfc/stage2_minidataset\dataset_npys\P01_05_465000_467720_T64_D4.npy,
P01_05_1087990_1089020_T64_D4,P01_05,F:/EgoSSL/epic-tfc/data/EPIC-KITCHENS\P01\videos\P01_05.MP4,00:18:07.99,00:18:09.02,1087.99,1089.02,1.0299999999999727,65213,65276,59.939243139106054,1,4,F:/EgoSSL/epic-tfc/stage2_minidataset\dataset_npys\P01_05_1087990_1089020_T64_D4.npy,
P01_05_678770_679690_T64_D4,P01_05,F:/EgoSSL/epic-tfc/data/EPIC-KITCHENS\P01\videos\P01_05.MP4,00:11:18.77,00:11:19.69,678.77,679.69,0.9200000000000728,40684,40741,59.939243139106054,8,0,F:/EgoSSL/epic-tfc/stage2_minidataset\dataset_npys\P01_05_678770_679690_T64_D4.npy,
P01_05_716840_719090_T64_D4,P01_05,F:/EgoSSL/epic-tfc/data/EPIC-KITCHENS\P01\videos\P01_05.MP4,00:11:56.84,00:11:59.09,716.84,719.09,2.25,42966,43102,59.939243139106054,13,23,F:/EgoSSL/epic-tfc/stage2_minidataset\dataset_npys\P01_05_716840_719090_T64_D4.npy,
P01_05_341030_343470_T64_D4,P01_05,F:/EgoSSL/epic-tfc/data/EPIC-KITCHENS\P01\videos\P01_05.MP4,00:05:41.03,00:05:43.47,341.03,343.47,2.4400000000000546,20441,20588,59.939243139106054,0,5,F:/EgoSSL/epic-tfc/stage2_minidataset\dataset_npys\P01_05_341030_343470_T64_D4.npy,
P01_05_538500_541000_T64_D4,P01_05,F:/EgoSSL/epic-tfc/data/EPIC-KITCHENS\P01\videos\P01_05.MP4,00:08:58.50,00:09:01.00,538.5,541.0,2.5,32277,32428,59.939243139106054,1,4,F:/EgoSSL/epic-tfc/stage2_minidataset\dataset_npys\P01_05_538500_541000_T64_D4.npy,
P01_05_85870_87570_T64_D4,P01_05,F:/EgoSSL/epic-tfc/data/EPIC-KITCHENS\P01\videos\P01_05.MP4,00:01:25.87,00:01:27.57,85.87,87.57,1.6999999999999886,5146,5249,59.939243139106054,0,97,F:/EgoSSL/epic-tfc/stage2_minidataset\dataset_npys\P01_05_85870_87570_T64_D4.npy,
P01_05_1191060_1192590_T64_D4,P01_05,F:/EgoSSL/epic-tfc/data/EPIC-KITCHENS\P01\videos\P01_05.MP4,00:19:51.06,00:19:52.59,1191.06,1192.59,1.5299999999999727,71391,71483,59.939243139106054,0,31,F:/EgoSSL/epic-tfc/stage2_minidataset\dataset_npys\P01_05_1191060_1192590_T64_D4.npy,
P01_05_945730_948420_T64_D4,P01_05,F:/EgoSSL/epic-tfc/data/EPIC-KITCHENS\P01\videos\P01_05.MP4,00:15:45.73,00:15:48.42,945.73,948.42,2.689999999999941,56686,56848,59.939243139106054,3,8,F:/EgoSSL/epic-tfc/stage2_minidataset\dataset_npys\P01_05_945730_948420_T64_D4.npy,
P01_05_48450_49200_T64_D4,P01_05,F:/EgoSSL/epic-tfc/data/EPIC-KITCHENS\P01\videos\P01_05.MP4,00:00:48.45,00:00:49.20,48.45,49.2,0.75,2904,2950,59.939243139106054,3,3,F:/EgoSSL/epic-tfc/stage2_minidataset\dataset_npys\P01_05_48450_49200_T64_D4.npy,
P01_05_16329_19870_T64_D4,P01_05,F:/EgoSSL/epic-tfc/data/EPIC-KITCHENS\P01\videos\P01_05.MP4,00:00:16.33,00:00:19.87,16.33,19.87,3.5400000000000027,978,1191,59.939243139106054,4,12,F:/EgoSSL/epic-tfc/stage2_minidataset\dataset_npys\P01_05_16329_19870_T64_D4.npy,
P01_05_293840_294620_T64_D4,P01_05,F:/EgoSSL/epic-tfc/data/EPIC-KITCHENS\P01\videos\P01_05.MP4,00:04:53.84,00:04:54.62,293.84000000000003,294.62,0.7799999999999727,17612,17660,59.939243139106054,0,5,F:/EgoSSL/epic-tfc/stage2_minidataset\dataset_npys\P01_05_293840_294620_T64_D4.npy,
P01_05_1176220_1177720_T64_D4,P01_05,F:/EgoSSL/epic-tfc/data/EPIC-KITCHENS\P01\videos\P01_05.MP4,00:19:36.22,00:19:37.72,1176.22,1177.72,1.5,70501,70592,59.939243139106054,1,5,F:/EgoSSL/epic-tfc/stage2_minidataset\dataset_npys\P01_05_1176220_1177720_T64_D4.npy,
P01_05_470590_472530_T64_D4,P01_05,F:/EgoSSL/epic-tfc/data/EPIC-KITCHENS\P01\videos\P01_05.MP4,00:07:50.59,00:07:52.53,470.59000000000003,472.53,1.9399999999999409,28206,28324,59.939243139106054,0,18,F:/EgoSSL/epic-tfc/stage2_minidataset\dataset_npys\P01_05_470590_472530_T64_D4.npy,
P01_05_34790_36910_T64_D4,P01_05,F:/EgoSSL/epic-tfc/data/EPIC-KITCHENS\P01\videos\P01_05.MP4,00:00:34.79,00:00:36.91,34.79,36.91,2.1199999999999974,2085,2213,59.939243139106054,0,2,F:/EgoSSL/epic-tfc/stage2_minidataset\dataset_npys\P01_05_34790_36910_T64_D4.npy,
P01_05_477540_478300_T64_D4,P01_05,F:/EgoSSL/epic-tfc/data/EPIC-KITCHENS\P01\videos\P01_05.MP4,00:07:57.54,00:07:58.30,477.54,478.3,0.7599999999999909,28623,28669,59.939243139106054,11,10,F:/EgoSSL/epic-tfc/stage2_minidataset\dataset_npys\P01_05_477540_478300_T64_D4.npy,
P01_05_461420_462420_T64_D4,P01_05,F:/EgoSSL/epic-tfc/data/EPIC-KITCHENS\P01\videos\P01_05.MP4,00:07:41.42,00:07:42.42,461.42,462.42,1.0,27657,27718,59.939243139106054,4,36,F:/EgoSSL/epic-tfc/stage2_minidataset\dataset_npys\P01_05_461420_462420_T64_D4.npy,
P01_05_492190_497690_T64_D4,P01_05,F:/EgoSSL/epic-tfc/data/EPIC-KITCHENS\P01\videos\P01_05.MP4,00:08:12.19,00:08:17.69,492.19,497.69,5.5,29501,29832,59.939243139106054,7,33,F:/EgoSSL/epic-tfc/stage2_minidataset\dataset_npys\P01_05_492190_497690_T64_D4.npy,
P01_05_290150_291360_T64_D4,P01_05,F:/EgoSSL/epic-tfc/data/EPIC-KITCHENS\P01\videos\P01_05.MP4,00:04:50.15,00:04:51.36,290.15,291.36,1.2100000000000364,17391,17464,59.939243139106054,3,8,F:/EgoSSL/epic-tfc/stage2_minidataset\dataset_npys\P01_05_290150_291360_T64_D4.npy,
P01_05_79620_81270_T64_D4,P01_05,F:/EgoSSL/epic-tfc/data/EPIC-KITCHENS\P01\videos\P01_05.MP4,00:01:19.62,00:01:21.27,79.62,81.27,1.6499999999999915,4772,4872,59.939243139106054,0,6,F:/EgoSSL/epic-tfc/stage2_minidataset\dataset_npys\P01_05_79620_81270_T64_D4.npy,
P01_05_192780_194620_T64_D4,P01_05,F:/EgoSSL/epic-tfc/data/EPIC-KITCHENS\P01\videos\P01_05.MP4,00:03:12.78,00:03:14.62,192.78,194.62,1.8400000000000034,11555,11666,59.939243139106054,0,17,F:/EgoSSL/epic-tfc/stage2_minidataset\dataset_npys\P01_05_192780_194620_T64_D4.npy,
P01_05_525680_528270_T64_D4,P01_05,F:/EgoSSL/epic-tfc/data/EPIC-KITCHENS\P01\videos\P01_05.MP4,00:08:45.68,00:08:48.27,525.68,528.27,2.590000000000032,31508,31665,59.939243139106054,0,17,F:/EgoSSL/epic-tfc/stage2_minidataset\dataset_npys\P01_05_525680_528270_T64_D4.npy,
P01_05_77350_79580_T64_D4,P01_05,F:/EgoSSL/epic-tfc/data/EPIC-KITCHENS\P01\videos\P01_05.MP4,00:01:17.35,00:01:19.58,77.35,79.58,2.230000000000004,4636,4770,59.939243139106054,0,39,F:/EgoSSL/epic-tfc/stage2_minidataset\dataset_npys\P01_05_77350_79580_T64_D4.npy,
P01_05_161560_162920_T64_D4,P01_05,F:/EgoSSL/epic-tfc/data/EPIC-KITCHENS\P01\videos\P01_05.MP4,00:02:41.56,00:02:42.92,161.56,162.92000000000002,1.3600000000000136,9683,9766,59.939243139106054,11,18,F:/EgoSSL/epic-tfc/stage2_minidataset\dataset_npys\P01_05_161560_162920_T64_D4.npy,
P01_05_687070_688470_T64_D4,P01_05,F:/EgoSSL/epic-tfc/data/EPIC-KITCHENS\P01\videos\P01_05.MP4,00:11:27.07,00:11:28.47,687.07,688.47,1.3999999999999773,41182,41267,59.939243139106054,1,254,F:/EgoSSL/epic-tfc/stage2_minidataset\dataset_npys\P01_05_687070_688470_T64_D4.npy,
P01_05_490030_490780_T64_D4,P01_05,F:/EgoSSL/epic-tfc/data/EPIC-KITCHENS\P01\videos\P01_05.MP4,00:08:10.03,00:08:10.78,490.03,490.78,0.75,29372,29417,59.939243139106054,1,33,F:/EgoSSL/epic-tfc/stage2_minidataset\dataset_npys\P01_05_490030_490780_T64_D4.npy,
P01_05_1245150_1247230_T64_D4,P01_05,F:/EgoSSL/epic-tfc/data/EPIC-KITCHENS\P01\videos\P01_05.MP4,00:20:45.15,00:20:47.23,1245.15,1247.23,2.0799999999999272,74633,74759,59.939243139106054,3,277,F:/EgoSSL/epic-tfc/stage2_minidataset\dataset_npys\P01_05_1245150_1247230_T64_D4.npy,
P01_05_1237550_1242160_T64_D4,P01_05,F:/EgoSSL/epic-tfc/data/EPIC-KITCHENS\P01\videos\P01_05.MP4,00:20:37.55,00:20:42.16,1237.55,1242.16,4.610000000000127,74177,74455,59.939243139106054,4,31,F:/EgoSSL/epic-tfc/stage2_minidataset\dataset_npys\P01_05_1237550_1242160_T64_D4.npy,
P01_05_691760_692400_T64_D4,P01_05,F:/EgoSSL/epic-tfc/data/EPIC-KITCHENS\P01\videos\P01_05.MP4,00:11:31.76,00:11:32.40,691.76,692.4,0.6399999999999864,41463,41502,59.939243139106054,17,24,F:/EgoSSL/epic-tfc/stage2_minidataset\dataset_npys\P01_05_691760_692400_T64_D4.npy,
P01_05_1172030_1175270_T64_D4,P01_05,F:/EgoSSL/epic-tfc/data/EPIC-KITCHENS\P01\videos\P01_05.MP4,00:19:32.03,00:19:35.27,1172.03,1175.27,3.240000000000009,70250,70445,59.939243139106054,37,30,F:/EgoSSL/epic-tfc/stage2_minidataset\dataset_npys\P01_05_1172030_1175270_T64_D4.npy,
P01_05_439190_440270_T64_D4,P01_05,F:/EgoSSL/epic-tfc/data/EPIC-KITCHENS\P01\videos\P01_05.MP4,00:07:19.19,00:07:20.27,439.19,440.27,1.079999999999984,26324,26390,59.939243139106054,0,86,F:/EgoSSL/epic-tfc/stage2_minidataset\dataset_npys\P01_05_439190_440270_T64_D4.npy,
P01_05_299370_300850_T64_D4,P01_05,F:/EgoSSL/epic-tfc/data/EPIC-KITCHENS\P01\videos\P01_05.MP4,00:04:59.37,00:05:00.85,299.37,300.85,1.4800000000000182,17944,18033,59.939243139106054,11,18,F:/EgoSSL/epic-tfc/stage2_minidataset\dataset_npys\P01_05_299370_300850_T64_D4.npy,
P01_05_1230970_1237740_T64_D4,P01_05,F:/EgoSSL/epic-tfc/data/EPIC-KITCHENS\P01\videos\P01_05.MP4,00:20:30.97,00:20:37.74,1230.97,1237.74,6.769999999999982,73783,74190,59.939243139106054,9,31,F:/EgoSSL/epic-tfc/stage2_minidataset\dataset_npys\P01_05_1230970_1237740_T64_D4.npy,
P01_05_119650_121770_T64_D4,P01_05,F:/EgoSSL/epic-tfc/data/EPIC-KITCHENS\P01\videos\P01_05.MP4,00:01:59.65,00:02:01.77,119.65,121.77,2.1199999999999903,7171,7299,59.939243139106054,3,8,F:/EgoSSL/epic-tfc/stage2_minidataset\dataset_npys\P01_05_119650_121770_T64_D4.npy,
P01_05_1130370_1133340_T64_D4,P01_05,F:/EgoSSL/epic-tfc/data/EPIC-KITCHENS\P01\videos\P01_05.MP4,00:18:50.37,00:18:53.34,1130.37,1133.34,2.9700000000000273,67753,67932,59.939243139106054,23,86,F:/EgoSSL/epic-tfc/stage2_minidataset\dataset_npys\P01_05_1130370_1133340_T64_D4.npy,
P01_05_4140_5930_T64_D4,P01_05,F:/EgoSSL/epic-tfc/data/EPIC-KITCHENS\P01\videos\P01_05.MP4,00:00:04.14,00:00:05.93,4.14,5.93,1.79,248,356,59.939243139106054,3,12,F:/EgoSSL/epic-tfc/stage2_minidataset\dataset_npys\P01_05_4140_5930_T64_D4.npy,
P01_05_30750_33500_T64_D4,P01_05,F:/EgoSSL/epic-tfc/data/EPIC-KITCHENS\P01\videos\P01_05.MP4,00:00:30.75,00:00:33.50,30.75,33.5,2.75,1843,2008,59.939243139106054,5,13,F:/EgoSSL/epic-tfc/stage2_minidataset\dataset_npys\P01_05_30750_33500_T64_D4.npy,
P01_05_689420_691060_T64_D4,P01_05,F:/EgoSSL/epic-tfc/data/EPIC-KITCHENS\P01\videos\P01_05.MP4,00:11:29.42,00:11:31.06,689.42,691.06,1.6399999999999864,41323,41422,59.939243139106054,14,11,F:/EgoSSL/epic-tfc/stage2_minidataset\dataset_npys\P01_05_689420_691060_T64_D4.npy,
P01_05_510460_511350_T64_D4,P01_05,F:/EgoSSL/epic-tfc/data/EPIC-KITCHENS\P01\videos\P01_05.MP4,00:08:30.46,00:08:31.35,510.46,511.35,0.8900000000000432,30596,30650,59.939243139106054,0,19,F:/EgoSSL/epic-tfc/stage2_minidataset\dataset_npys\P01_05_510460_511350_T64_D4.npy,
P01_05_952370_955320_T64_D4,P01_05,F:/EgoSSL/epic-tfc/data/EPIC-KITCHENS\P01\videos\P01_05.MP4,00:15:52.37,00:15:55.32,952.37,955.32,2.9500000000000455,57084,57262,59.939243139106054,0,130,F:/EgoSSL/epic-tfc/stage2_minidataset\dataset_npys\P01_05_952370_955320_T64_D4.npy,
P01_05_1039520_1040950_T64_D4,P01_05,F:/EgoSSL/epic-tfc/data/EPIC-KITCHENS\P01\videos\P01_05.MP4,00:17:19.52,00:17:20.95,1039.52,1040.95,1.4300000000000637,62308,62394,59.939243139106054,22,86,F:/EgoSSL/epic-tfc/stage2_minidataset\dataset_npys\P01_05_1039520_1040950_T64_D4.npy,
P01_05_1188980_1190200_T64_D4,P01_05,F:/EgoSSL/epic-tfc/data/EPIC-KITCHENS\P01\videos\P01_05.MP4,00:19:48.98,00:19:50.20,1188.98,1190.2,1.2200000000000273,71266,71340,59.939243139106054,1,39,F:/EgoSSL/epic-tfc/stage2_minidataset\dataset_npys\P01_05_1188980_1190200_T64_D4.npy,
P01_05_8740_14230_T64_D4,P01_05,F:/EgoSSL/epic-tfc/data/EPIC-KITCHENS\P01\videos\P01_05.MP4,00:00:08.74,00:00:14.23,8.74,14.23,5.49,523,853,59.939243139106054,0,86,F:/EgoSSL/epic-tfc/stage2_minidataset\dataset_npys\P01_05_8740_14230_T64_D4.npy,
P01_05_789440_790210_T64_D4,P01_05,F:/EgoSSL/epic-tfc/data/EPIC-KITCHENS\P01\videos\P01_05.MP4,00:13:09.44,00:13:10.21,789.44,790.21,0.7699999999999818,47318,47365,59.939243139106054,0,1,F:/EgoSSL/epic-tfc/stage2_minidataset\dataset_npys\P01_05_789440_790210_T64_D4.npy,
P01_05_739790_744420_T64_D4,P01_05,F:/EgoSSL/epic-tfc/data/EPIC-KITCHENS\P01\videos\P01_05.MP4,00:12:19.79,00:12:24.42,739.79,744.42,4.6299999999999955,44342,44620,59.939243139106054,0,73,F:/EgoSSL/epic-tfc/stage2_minidataset\dataset_npys\P01_05_739790_744420_T64_D4.npy,
P01_05_139790_141790_T64_D4,P01_05,F:/EgoSSL/epic-tfc/data/EPIC-KITCHENS\P01\videos\P01_05.MP4,00:02:19.79,00:02:21.79,139.79,141.79,2.0,8378,8499,59.939243139106054,4,8,F:/EgoSSL/epic-tfc/stage2_minidataset\dataset_npys\P01_05_139790_141790_T64_D4.npy,
P01_05_296290_299270_T64_D4,P01_05,F:/EgoSSL/epic-tfc/data/EPIC-KITCHENS\P01\videos\P01_05.MP4,00:04:56.29,00:04:59.27,296.29,299.27,2.9799999999999613,17759,17939,59.939243139106054,14,11,F:/EgoSSL/epic-tfc/stage2_minidataset\dataset_npys\P01_05_296290_299270_T64_D4.npy,
P01_05_948740_952330_T64_D4,P01_05,F:/EgoSSL/epic-tfc/data/EPIC-KITCHENS\P01\videos\P01_05.MP4,00:15:48.74,00:15:52.33,948.74,952.33,3.590000000000032,56866,57082,59.939243139106054,3,8,F:/EgoSSL/epic-tfc/stage2_minidataset\dataset_npys\P01_05_948740_952330_T64_D4.npy,
P01_05_478520_479220_T64_D4,P01_05,F:/EgoSSL/epic-tfc/data/EPIC-KITCHENS\P01\videos\P01_05.MP4,00:07:58.52,00:07:59.22,478.52,479.22,0.7000000000000455,28682,28725,59.939243139106054,11,10,F:/EgoSSL/epic-tfc/stage2_minidataset\dataset_npys\P01_05_478520_479220_T64_D4.npy,
P01_05_1170010_1171860_T64_D4,P01_05,F:/EgoSSL/epic-tfc/data/EPIC-KITCHENS\P01\videos\P01_05.MP4,00:19:30.01,00:19:31.86,1170.01,1171.86,1.849999999999909,70129,70241,59.939243139106054,0,39,F:/EgoSSL/epic-tfc/stage2_minidataset\dataset_npys\P01_05_1170010_1171860_T64_D4.npy,
P01_05_562190_563360_T64_D4,P01_05,F:/EgoSSL/epic-tfc/data/EPIC-KITCHENS\P01\videos\P01_05.MP4,00:09:22.19,00:09:23.36,562.19,563.36,1.169999999999959,33697,33768,59.939243139106054,0,15,F:/EgoSSL/epic-tfc/stage2_minidataset\dataset_npys\P01_05_562190_563360_T64_D4.npy,
P01_05_417520_425120_T64_D4,P01_05,F:/EgoSSL/epic-tfc/data/EPIC-KITCHENS\P01\videos\P01_05.MP4,00:06:57.52,00:07:05.12,417.52,425.12,7.600000000000023,25025,25482,59.939243139106054,9,30,F:/EgoSSL/epic-tfc/stage2_minidataset\dataset_npys\P01_05_417520_425120_T64_D4.npy,
P01_05_1034300_1035950_T64_D4,P01_05,F:/EgoSSL/epic-tfc/data/EPIC-KITCHENS\P01\videos\P01_05.MP4,00:17:14.30,00:17:15.95,1034.3,1035.95,1.650000000000091,61995,62095,59.939243139106054,22,86,F:/EgoSSL/epic-tfc/stage2_minidataset\dataset_npys\P01_05_1034300_1035950_T64_D4.npy,
P01_05_1227110_1228060_T64_D4,P01_05,F:/EgoSSL/epic-tfc/data/EPIC-KITCHENS\P01\videos\P01_05.MP4,00:20:27.11,00:20:28.06,1227.11,1228.06,0.9500000000000455,73552,73609,59.939243139106054,0,31,F:/EgoSSL/epic-tfc/stage2_minidataset\dataset_npys\P01_05_1227110_1228060_T64_D4.npy,
P01_05_310130_311010_T64_D4,P01_05,F:/EgoSSL/epic-tfc/data/EPIC-KITCHENS\P01\videos\P01_05.MP4,00:05:10.13,00:05:11.01,310.13,311.01,0.8799999999999955,18588,18642,59.939243139106054,3,36,F:/EgoSSL/epic-tfc/stage2_minidataset\dataset_npys\P01_05_310130_311010_T64_D4.npy,
P01_05_40300_41550_T64_D4,P01_05,F:/EgoSSL/epic-tfc/data/EPIC-KITCHENS\P01\videos\P01_05.MP4,00:00:40.30,00:00:41.55,40.3,41.55,1.25,2415,2491,59.939243139106054,1,2,F:/EgoSSL/epic-tfc/stage2_minidataset\dataset_npys\P01_05_40300_41550_T64_D4.npy,
P01_05_390300_394230_T64_D4,P01_05,F:/EgoSSL/epic-tfc/data/EPIC-KITCHENS\P01\videos\P01_05.MP4,00:06:30.30,00:06:34.23,390.3,394.23,3.930000000000007,23394,23630,59.939243139106054,1,44,F:/EgoSSL/epic-tfc/stage2_minidataset\dataset_npys\P01_05_390300_394230_T64_D4.npy,
P01_05_311110_311670_T64_D4,P01_05,F:/EgoSSL/epic-tfc/data/EPIC-KITCHENS\P01\videos\P01_05.MP4,00:05:11.11,00:05:11.67,311.11,311.67,0.5600000000000023,18647,18682,59.939243139106054,13,48,F:/EgoSSL/epic-tfc/stage2_minidataset\dataset_npys\P01_05_311110_311670_T64_D4.npy,
P01_05_459240_461730_T64_D4,P01_05,F:/EgoSSL/epic-tfc/data/EPIC-KITCHENS\P01\videos\P01_05.MP4,00:07:39.24,00:07:41.73,459.24,461.73,2.490000000000009,27526,27676,59.939243139106054,13,26,F:/EgoSSL/epic-tfc/stage2_minidataset\dataset_npys\P01_05_459240_461730_T64_D4.npy,
P01_05_1194440_1195120_T64_D4,P01_05,F:/EgoSSL/epic-tfc/data/EPIC-KITCHENS\P01\videos\P01_05.MP4,00:19:54.44,00:19:55.12,1194.44,1195.12,0.6799999999998363,71593,71635,59.939243139106054,0,86,F:/EgoSSL/epic-tfc/stage2_minidataset\dataset_npys\P01_05_1194440_1195120_T64_D4.npy,
P01_05_337820_340420_T64_D4,P01_05,F:/EgoSSL/epic-tfc/data/EPIC-KITCHENS\P01\videos\P01_05.MP4,00:05:37.82,00:05:40.42,337.82,340.42,2.6000000000000227,20248,20405,59.939243139106054,3,3,F:/EgoSSL/epic-tfc/stage2_minidataset\dataset_npys\P01_05_337820_340420_T64_D4.npy,
P01_05_1082580_1083370_T64_D4,P01_05,F:/EgoSSL/epic-tfc/data/EPIC-KITCHENS\P01\videos\P01_05.MP4,00:18:02.58,00:18:03.37,1082.58,1083.37,0.7899999999999636,64889,64937,59.939243139106054,0,4,F:/EgoSSL/epic-tfc/stage2_minidataset\dataset_npys\P01_05_1082580_1083370_T64_D4.npy,
P01_05_472370_474250_T64_D4,P01_05,F:/EgoSSL/epic-tfc/data/EPIC-KITCHENS\P01\videos\P01_05.MP4,00:07:52.37,00:07:54.25,472.37,474.25,1.8799999999999955,28313,28427,59.939243139106054,4,3,F:/EgoSSL/epic-tfc/stage2_minidataset\dataset_npys\P01_05_472370_474250_T64_D4.npy,
P01_05_180670_181420_T64_D4,P01_05,F:/EgoSSL/epic-tfc/data/EPIC-KITCHENS\P01\videos\P01_05.MP4,00:03:00.67,00:03:01.42,180.67,181.42,0.75,10829,10875,59.939243139106054,8,0,F:/EgoSSL/epic-tfc/stage2_minidataset\dataset_npys\P01_05_180670_181420_T64_D4.npy,
P01_05_564600_567040_T64_D4,P01_05,F:/EgoSSL/epic-tfc/data/EPIC-KITCHENS\P01\videos\P01_05.MP4,00:09:24.60,00:09:27.04,564.6,567.04,2.439999999999941,33841,33988,59.939243139106054,3,15,F:/EgoSSL/epic-tfc/stage2_minidataset\dataset_npys\P01_05_564600_567040_T64_D4.npy,
P01_05_1148950_1150050_T64_D4,P01_05,F:/EgoSSL/epic-tfc/data/EPIC-KITCHENS\P01\videos\P01_05.MP4,00:19:08.95,00:19:10.05,1148.95,1150.05,1.099999999999909,68867,68934,59.939243139106054,17,24,F:/EgoSSL/epic-tfc/stage2_minidataset\dataset_npys\P01_05_1148950_1150050_T64_D4.npy,
P01_05_1094470_1095480_T64_D4,P01_05,F:/EgoSSL/epic-tfc/data/EPIC-KITCHENS\P01\videos\P01_05.MP4,00:18:14.47,00:18:15.48,1094.47,1095.48,1.009999999999991,65601,65663,59.939243139106054,17,24,F:/EgoSSL/epic-tfc/stage2_minidataset\dataset_npys\P01_05_1094470_1095480_T64_D4.npy,
P01_05_201380_202100_T64_D4,P01_05,F:/EgoSSL/epic-tfc/data/EPIC-KITCHENS\P01\videos\P01_05.MP4,00:03:21.38,00:03:22.10,201.38,202.1,0.7199999999999989,12070,12114,59.939243139106054,11,4,F:/EgoSSL/epic-tfc/stage2_minidataset\dataset_npys\P01_05_201380_202100_T64_D4.npy,
P01_05_326870_328040_T64_D4,P01_05,F:/EgoSSL/epic-tfc/data/EPIC-KITCHENS\P01\videos\P01_05.MP4,00:05:26.87,00:05:28.04,326.87,328.04,1.170000000000016,19592,19663,59.939243139106054,4,36,F:/EgoSSL/epic-tfc/stage2_minidataset\dataset_npys\P01_05_326870_328040_T64_D4.npy,
P01_05_649630_650680_T64_D4,P01_05,F:/EgoSSL/epic-tfc/data/EPIC-KITCHENS\P01\videos\P01_05.MP4,00:10:49.63,00:10:50.68,649.63,650.68,1.0499999999999545,38938,39002,59.939243139106054,3,36,F:/EgoSSL/epic-tfc/stage2_minidataset\dataset_npys\P01_05_649630_650680_T64_D4.npy,
P01_05_121850_122600_T64_D4,P01_05,F:/EgoSSL/epic-tfc/data/EPIC-KITCHENS\P01\videos\P01_05.MP4,00:02:01.85,00:02:02.60,121.85,122.6,0.75,7303,7349,59.939243139106054,5,20,F:/EgoSSL/epic-tfc/stage2_minidataset\dataset_npys\P01_05_121850_122600_T64_D4.npy,
P01_05_581980_582980_T64_D4,P01_05,F:/EgoSSL/epic-tfc/data/EPIC-KITCHENS\P01\videos\P01_05.MP4,00:09:41.98,00:09:42.98,581.98,582.98,1.0,34883,34944,59.939243139106054,8,0,F:/EgoSSL/epic-tfc/stage2_minidataset\dataset_npys\P01_05_581980_582980_T64_D4.npy,
P01_05_42150_44650_T64_D4,P01_05,F:/EgoSSL/epic-tfc/data/EPIC-KITCHENS\P01\videos\P01_05.MP4,00:00:42.15,00:00:44.65,42.15,44.65,2.5,2526,2677,59.939243139106054,5,2,F:/EgoSSL/epic-tfc/stage2_minidataset\dataset_npys\P01_05_42150_44650_T64_D4.npy,
P01_05_1226140_1227170_T64_D4,P01_05,F:/EgoSSL/epic-tfc/data/EPIC-KITCHENS\P01\videos\P01_05.MP4,00:20:26.14,00:20:27.17,1226.14,1227.17,1.0299999999999727,73493,73556,59.939243139106054,8,0,F:/EgoSSL/epic-tfc/stage2_minidataset\dataset_npys\P01_05_1226140_1227170_T64_D4.npy,
P01_05_485430_486680_T64_D4,P01_05,F:/EgoSSL/epic-tfc/data/EPIC-KITCHENS\P01\videos\P01_05.MP4,00:08:05.43,00:08:06.68,485.43,486.68,1.25,29096,29172,59.939243139106054,0,33,F:/EgoSSL/epic-tfc/stage2_minidataset\dataset_npys\P01_05_485430_486680_T64_D4.npy,
P01_05_1084200_1086860_T64_D4,P01_05,F:/EgoSSL/epic-tfc/data/EPIC-KITCHENS\P01\videos\P01_05.MP4,00:18:04.20,00:18:06.86,1084.2,1086.86,2.6599999999998545,64986,65146,59.939243139106054,24,30,F:/EgoSSL/epic-tfc/stage2_minidataset\dataset_npys\P01_05_1084200_1086860_T64_D4.npy,
P01_05_36950_39950_T64_D4,P01_05,F:/EgoSSL/epic-tfc/data/EPIC-KITCHENS\P01\videos\P01_05.MP4,00:00:36.95,00:00:39.95,36.95,39.95,3.0,2214,2395,59.939243139106054,0,2,F:/EgoSSL/epic-tfc/stage2_minidataset\dataset_npys\P01_05_36950_39950_T64_D4.npy,
P01_05_115020_118090_T64_D4,P01_05,F:/EgoSSL/epic-tfc/data/EPIC-KITCHENS\P01\videos\P01_05.MP4,00:01:55.02,00:01:58.09,115.02000000000001,118.09,3.069999999999993,6894,7079,59.939243139106054,0,58,F:/EgoSSL/epic-tfc/stage2_minidataset\dataset_npys\P01_05_115020_118090_T64_D4.npy,
P01_05_109860_110850_T64_D4,P01_05,F:/EgoSSL/epic-tfc/data/EPIC-KITCHENS\P01\videos\P01_05.MP4,00:01:49.86,00:01:50.85,109.86,110.85,0.9899999999999949,6584,6645,59.939243139106054,0,4,F:/EgoSSL/epic-tfc/stage2_minidataset\dataset_npys\P01_05_109860_110850_T64_D4.npy,
P01_05_708140_713100_T64_D4,P01_05,F:/EgoSSL/epic-tfc/data/EPIC-KITCHENS\P01\videos\P01_05.MP4,00:11:48.14,00:11:53.10,708.14,713.1,4.960000000000036,42445,42743,59.939243139106054,1,86,F:/EgoSSL/epic-tfc/stage2_minidataset\dataset_npys\P01_05_708140_713100_T64_D4.npy,
P01_05_483180_484550_T64_D4,P01_05,F:/EgoSSL/epic-tfc/data/EPIC-KITCHENS\P01\videos\P01_05.MP4,00:08:03.18,00:08:04.55,483.18,484.55,1.3700000000000045,28961,29044,59.939243139106054,0,4,F:/EgoSSL/epic-tfc/stage2_minidataset\dataset_npys\P01_05_483180_484550_T64_D4.npy,
P01_05_180350_181650_T64_D4,P01_05,F:/EgoSSL/epic-tfc/data/EPIC-KITCHENS\P01\videos\P01_05.MP4,00:03:00.35,00:03:01.65,180.35,181.65,1.3000000000000114,10810,10888,59.939243139106054,4,44,F:/EgoSSL/epic-tfc/stage2_minidataset\dataset_npys\P01_05_180350_181650_T64_D4.npy,
P01_05_512020_514549_T64_D4,P01_05,F:/EgoSSL/epic-tfc/data/EPIC-KITCHENS\P01\videos\P01_05.MP4,00:08:32.02,00:08:34.55,512.02,514.55,2.5299999999999727,30690,30842,59.939243139106054,5,33,F:/EgoSSL/epic-tfc/stage2_minidataset\dataset_npys\P01_05_512020_514549_T64_D4.npy,
P01_05_56310_60000_T64_D4,P01_05,F:/EgoSSL/epic-tfc/data/EPIC-KITCHENS\P01\videos\P01_05.MP4,00:00:56.31,00:01:00.00,56.31,60.0,3.6899999999999977,3375,3597,59.939243139106054,0,5,F:/EgoSSL/epic-tfc/stage2_minidataset\dataset_npys\P01_05_56310_60000_T64_D4.npy,
P01_05_14150_16230_T64_D4,P01_05,F:/EgoSSL/epic-tfc/data/EPIC-KITCHENS\P01\videos\P01_05.MP4,00:00:14.15,00:00:16.23,14.15,16.23,2.08,848,973,59.939243139106054,5,56,F:/EgoSSL/epic-tfc/stage2_minidataset\dataset_npys\P01_05_14150_16230_T64_D4.npy,
P01_05_498230_503480_T64_D4,P01_05,F:/EgoSSL/epic-tfc/data/EPIC-KITCHENS\P01\videos\P01_05.MP4,00:08:18.23,00:08:23.48,498.23,503.48,5.25,29863,30179,59.939243139106054,7,33,F:/EgoSSL/epic-tfc/stage2_minidataset\dataset_npys\P01_05_498230_503480_T64_D4.npy,
P01_05_1192580_1193590_T64_D4,P01_05,F:/EgoSSL/epic-tfc/data/EPIC-KITCHENS\P01\videos\P01_05.MP4,00:19:52.58,00:19:53.59,1192.58,1193.59,1.009999999999991,71482,71543,59.939243139106054,1,31,F:/EgoSSL/epic-tfc/stage2_minidataset\dataset_npys\P01_05_1192580_1193590_T64_D4.npy,
P01_05_1248490_1255880_T64_D4,P01_05,F:/EgoSSL/epic-tfc/data/EPIC-KITCHENS\P01\videos\P01_05.MP4,00:20:48.49,00:20:55.88,1248.49,1255.88,7.3900000000001,74833,75277,59.939243139106054,42,277,F:/EgoSSL/epic-tfc/stage2_minidataset\dataset_npys\P01_05_1248490_1255880_T64_D4.npy,
P01_05_334820_337700_T64_D4,P01_05,F:/EgoSSL/epic-tfc/data/EPIC-KITCHENS\P01\videos\P01_05.MP4,00:05:34.82,00:05:37.70,334.82,337.7,2.8799999999999955,20068,20242,59.939243139106054,6,24,F:/EgoSSL/epic-tfc/stage2_minidataset\dataset_npys\P01_05_334820_337700_T64_D4.npy,
P01_05_60220_61420_T64_D4,P01_05,F:/EgoSSL/epic-tfc/data/EPIC-KITCHENS\P01\videos\P01_05.MP4,00:01:00.22,00:01:01.42,60.22,61.42,1.2000000000000028,3609,3682,59.939243139106054,1,5,F:/EgoSSL/epic-tfc/stage2_minidataset\dataset_npys\P01_05_60220_61420_T64_D4.npy,
P01_05_532630_533890_T64_D4,P01_05,F:/EgoSSL/epic-tfc/data/EPIC-KITCHENS\P01\videos\P01_05.MP4,00:08:52.63,00:08:53.89,532.63,533.89,1.259999999999991,31925,32001,59.939243139106054,11,2,F:/EgoSSL/epic-tfc/stage2_minidataset\dataset_npys\P01_05_532630_533890_T64_D4.npy,
P01_05_1133440_1139760_T64_D4,P01_05,F:/EgoSSL/epic-tfc/data/EPIC-KITCHENS\P01\videos\P01_05.MP4,00:18:53.44,00:18:59.76,1133.44,1139.76,6.319999999999936,67937,68317,59.939243139106054,23,86,F:/EgoSSL/epic-tfc/stage2_minidataset\dataset_npys\P01_05_1133440_1139760_T64_D4.npy,
P01_05_236820_242110_T64_D4,P01_05,F:/EgoSSL/epic-tfc/data/EPIC-KITCHENS\P01\videos\P01_05.MP4,00:03:56.82,00:04:02.11,236.82,242.11,5.2900000000000205,14194,14512,59.939243139106054,19,30,F:/EgoSSL/epic-tfc/stage2_minidataset\dataset_npys\P01_05_236820_242110_T64_D4.npy,
P01_05_122940_126360_T64_D4,P01_05,F:/EgoSSL/epic-tfc/data/EPIC-KITCHENS\P01\videos\P01_05.MP4,00:02:02.94,00:02:06.36,122.94,126.36,3.4200000000000017,7368,7574,59.939243139106054,1,58,F:/EgoSSL/epic-tfc/stage2_minidataset\dataset_npys\P01_05_122940_126360_T64_D4.npy,
P01_05_288460_289159_T64_D4,P01_05,F:/EgoSSL/epic-tfc/data/EPIC-KITCHENS\P01\videos\P01_05.MP4,00:04:48.46,00:04:49.16,288.46,289.15999999999997,0.6999999999999886,17290,17333,59.939243139106054,0,4,F:/EgoSSL/epic-tfc/stage2_minidataset\dataset_npys\P01_05_288460_289159_T64_D4.npy,
P01_05_518890_519950_T64_D4,P01_05,F:/EgoSSL/epic-tfc/data/EPIC-KITCHENS\P01\videos\P01_05.MP4,00:08:38.89,00:08:39.95,518.89,519.95,1.0600000000000591,31101,31166,59.939243139106054,1,19,F:/EgoSSL/epic-tfc/stage2_minidataset\dataset_npys\P01_05_518890_519950_T64_D4.npy,
P01_05_1255940_1258730_T64_D4,P01_05,F:/EgoSSL/epic-tfc/data/EPIC-KITCHENS\P01\videos\P01_05.MP4,00:20:55.94,00:20:58.73,1255.94,1258.73,2.7899999999999636,75280,75448,59.939243139106054,4,277,F:/EgoSSL/epic-tfc/stage2_minidataset\dataset_npys\P01_05_1255940_1258730_T64_D4.npy,
P01_05_705860_706950_T64_D4,P01_05,F:/EgoSSL/epic-tfc/data/EPIC-KITCHENS\P01\videos\P01_05.MP4,00:11:45.86,00:11:46.95,705.86,706.95,1.0900000000000318,42308,42375,59.939243139106054,17,24,F:/EgoSSL/epic-tfc/stage2_minidataset\dataset_npys\P01_05_705860_706950_T64_D4.npy,
P01_05_475670_476840_T64_D4,P01_05,F:/EgoSSL/epic-tfc/data/EPIC-KITCHENS\P01\videos\P01_05.MP4,00:07:55.67,00:07:56.84,475.67,476.84000000000003,1.170000000000016,28511,28582,59.939243139106054,11,15,F:/EgoSSL/epic-tfc/stage2_minidataset\dataset_npys\P01_05_475670_476840_T64_D4.npy,
P01_05_347480_349650_T64_D4,P01_05,F:/EgoSSL/epic-tfc/data/EPIC-KITCHENS\P01\videos\P01_05.MP4,00:05:47.48,00:05:49.65,347.48,349.65,2.169999999999959,20827,20958,59.939243139106054,1,5,F:/EgoSSL/epic-tfc/stage2_minidataset\dataset_npys\P01_05_347480_349650_T64_D4.npy,
P01_05_104750_105950_T64_D4,P01_05,F:/EgoSSL/epic-tfc/data/EPIC-KITCHENS\P01\videos\P01_05.MP4,00:01:44.75,00:01:45.95,104.75,105.95,1.2000000000000028,6278,6351,59.939243139106054,3,8,F:/EgoSSL/epic-tfc/stage2_minidataset\dataset_npys\P01_05_104750_105950_T64_D4.npy,
P01_05_982430_983350_T64_D4,P01_05,F:/EgoSSL/epic-tfc/data/EPIC-KITCHENS\P01\videos\P01_05.MP4,00:16:22.43,00:16:23.35,982.43,983.35,0.9200000000000728,58886,58942,59.939243139106054,22,86,F:/EgoSSL/epic-tfc/stage2_minidataset\dataset_npys\P01_05_982430_983350_T64_D4.npy,
P01_05_791310_798980_T64_D4,P01_05,F:/EgoSSL/epic-tfc/data/EPIC-KITCHENS\P01\videos\P01_05.MP4,00:13:11.31,00:13:18.98,791.31,798.98,7.670000000000073,47430,47891,59.939243139106054,10,1,F:/EgoSSL/epic-tfc/stage2_minidataset\dataset_npys\P01_05_791310_798980_T64_D4.npy,
P01_05_54400_55650_T64_D4,P01_05,F:/EgoSSL/epic-tfc/data/EPIC-KITCHENS\P01\videos\P01_05.MP4,00:00:54.40,00:00:55.65,54.4,55.65,1.25,3260,3336,59.939243139106054,5,5,F:/EgoSSL/epic-tfc/stage2_minidataset\dataset_npys\P01_05_54400_55650_T64_D4.npy,
P01_05_197680_199200_T64_D4,P01_05,F:/EgoSSL/epic-tfc/data/EPIC-KITCHENS\P01\videos\P01_05.MP4,00:03:17.68,00:03:19.20,197.68,199.2,1.5199999999999818,11848,11940,59.939243139106054,0,4,F:/EgoSSL/epic-tfc/stage2_minidataset\dataset_npys\P01_05_197680_199200_T64_D4.npy,
P01_05_247830_252080_T64_D4,P01_05,F:/EgoSSL/epic-tfc/data/EPIC-KITCHENS\P01\videos\P01_05.MP4,00:04:07.83,00:04:12.08,247.83,252.08,4.25,14854,15110,59.939243139106054,19,30,F:/EgoSSL/epic-tfc/stage2_minidataset\dataset_npys\P01_05_247830_252080_T64_D4.npy,
P01_05_788100_789230_T64_D4,P01_05,F:/EgoSSL/epic-tfc/data/EPIC-KITCHENS\P01\videos\P01_05.MP4,00:13:08.10,00:13:09.23,788.1,789.23,1.1299999999999955,47238,47306,59.939243139106054,1,142,F:/EgoSSL/epic-tfc/stage2_minidataset\dataset_npys\P01_05_788100_789230_T64_D4.npy,
P01_05_374480_378000_T64_D4,P01_05,F:/EgoSSL/epic-tfc/data/EPIC-KITCHENS\P01\videos\P01_05.MP4,00:06:14.48,00:06:18.00,374.48,378.0,3.519999999999982,22446,22658,59.939243139106054,0,44,F:/EgoSSL/epic-tfc/stage2_minidataset\dataset_npys\P01_05_374480_378000_T64_D4.npy,
P01_05_398720_399600_T64_D4,P01_05,F:/EgoSSL/epic-tfc/data/EPIC-KITCHENS\P01\videos\P01_05.MP4,00:06:38.72,00:06:39.60,398.72,399.6,0.8799999999999955,23898,23952,59.939243139106054,3,8,F:/EgoSSL/epic-tfc/stage2_minidataset\dataset_npys\P01_05_398720_399600_T64_D4.npy,
P01_05_546050_546890_T64_D4,P01_05,F:/EgoSSL/epic-tfc/data/EPIC-KITCHENS\P01\videos\P01_05.MP4,00:09:06.05,00:09:06.89,546.05,546.89,0.8400000000000318,32729,32781,59.939243139106054,4,8,F:/EgoSSL/epic-tfc/stage2_minidataset\dataset_npys\P01_05_546050_546890_T64_D4.npy,
P01_05_186770_187810_T64_D4,P01_05,F:/EgoSSL/epic-tfc/data/EPIC-KITCHENS\P01\videos\P01_05.MP4,00:03:06.77,00:03:07.81,186.77,187.81,1.039999999999992,11194,11258,59.939243139106054,0,1,F:/EgoSSL/epic-tfc/stage2_minidataset\dataset_npys\P01_05_186770_187810_T64_D4.npy,
P01_05_1127000_1130270_T64_D4,P01_05,F:/EgoSSL/epic-tfc/data/EPIC-KITCHENS\P01\videos\P01_05.MP4,00:18:47.00,00:18:50.27,1127.0,1130.27,3.269999999999982,67551,67748,59.939243139106054,23,86,F:/EgoSSL/epic-tfc/stage2_minidataset\dataset_npys\P01_05_1127000_1130270_T64_D4.npy,
P01_05_404950_408500_T64_D4,P01_05,F:/EgoSSL/epic-tfc/data/EPIC-KITCHENS\P01\videos\P01_05.MP4,00:06:44.95,00:06:48.50,404.95,408.5,3.5500000000000114,24272,24486,59.939243139106054,9,38,F:/EgoSSL/epic-tfc/stage2_minidataset\dataset_npys\P01_05_404950_408500_T64_D4.npy,
P01_05_1263730_1268990_T64_D4,P01_05,F:/EgoSSL/epic-tfc/data/EPIC-KITCHENS\P01\videos\P01_05.MP4,00:21:03.73,00:21:08.99,1263.73,1268.99,5.259999999999991,75747,76063,59.939243139106054,10,34,F:/EgoSSL/epic-tfc/stage2_minidataset\dataset_npys\P01_05_1263730_1268990_T64_D4.npy,
P01_05_650520_651770_T64_D4,P01_05,F:/EgoSSL/epic-tfc/data/EPIC-KITCHENS\P01\videos\P01_05.MP4,00:10:50.52,00:10:51.77,650.52,651.77,1.25,38991,39067,59.939243139106054,4,36,F:/EgoSSL/epic-tfc/stage2_minidataset\dataset_npys\P01_05_650520_651770_T64_D4.npy,
P01_05_195110_196210_T64_D4,P01_05,F:/EgoSSL/epic-tfc/data/EPIC-KITCHENS\P01\videos\P01_05.MP4,00:03:15.11,00:03:16.21,195.11,196.21,1.0999999999999943,11694,11761,59.939243139106054,41,17,F:/EgoSSL/epic-tfc/stage2_minidataset\dataset_npys\P01_05_195110_196210_T64_D4.npy,
P01_05_1140570_1141930_T64_D4,P01_05,F:/EgoSSL/epic-tfc/data/EPIC-KITCHENS\P01\videos\P01_05.MP4,00:19:00.57,00:19:01.93,1140.57,1141.93,1.3600000000001273,68364,68447,59.939243139106054,1,142,F:/EgoSSL/epic-tfc/stage2_minidataset\dataset_npys\P01_05_1140570_1141930_T64_D4.npy,
P01_05_159460_160550_T64_D4,P01_05,F:/EgoSSL/epic-tfc/data/EPIC-KITCHENS\P01\videos\P01_05.MP4,00:02:39.46,00:02:40.55,159.46,160.55,1.0900000000000034,9557,9624,59.939243139106054,11,86,F:/EgoSSL/epic-tfc/stage2_minidataset\dataset_npys\P01_05_159460_160550_T64_D4.npy,
P01_05_27530_29290_T64_D4,P01_05,F:/EgoSSL/epic-tfc/data/EPIC-KITCHENS\P01\videos\P01_05.MP4,00:00:27.53,00:00:29.29,27.53,29.29,1.759999999999998,1650,1756,59.939243139106054,1,18,F:/EgoSSL/epic-tfc/stage2_minidataset\dataset_npys\P01_05_27530_29290_T64_D4.npy,
P01_05_567510_570300_T64_D4,P01_05,F:/EgoSSL/epic-tfc/data/EPIC-KITCHENS\P01\videos\P01_05.MP4,00:09:27.51,00:09:30.30,567.51,570.3,2.7899999999999636,34016,34184,59.939243139106054,6,0,F:/EgoSSL/epic-tfc/stage2_minidataset\dataset_npys\P01_05_567510_570300_T64_D4.npy,
P01_05_537340_539430_T64_D4,P01_05,F:/EgoSSL/epic-tfc/data/EPIC-KITCHENS\P01\videos\P01_05.MP4,00:08:57.34,00:08:59.43,537.34,539.43,2.089999999999918,32207,32334,59.939243139106054,14,4,F:/EgoSSL/epic-tfc/stage2_minidataset\dataset_npys\P01_05_537340_539430_T64_D4.npy,
P01_05_973200_974200_T64_D4,P01_05,F:/EgoSSL/epic-tfc/data/EPIC-KITCHENS\P01\videos\P01_05.MP4,00:16:13.20,00:16:14.20,973.2,974.2,1.0,58332,58393,59.939243139106054,3,8,F:/EgoSSL/epic-tfc/stage2_minidataset\dataset_npys\P01_05_973200_974200_T64_D4.npy,
P01_05_523080_524130_T64_D4,P01_05,F:/EgoSSL/epic-tfc/data/EPIC-KITCHENS\P01\videos\P01_05.MP4,00:08:43.08,00:08:44.13,523.08,524.13,1.0499999999999545,31353,31416,59.939243139106054,1,18,F:/EgoSSL/epic-tfc/stage2_minidataset\dataset_npys\P01_05_523080_524130_T64_D4.npy,
P01_05_166430_167180_T64_D4,P01_05,F:/EgoSSL/epic-tfc/data/EPIC-KITCHENS\P01\videos\P01_05.MP4,00:02:46.43,00:02:47.18,166.43,167.18,0.75,9975,10021,59.939243139106054,3,44,F:/EgoSSL/epic-tfc/stage2_minidataset\dataset_npys\P01_05_166430_167180_T64_D4.npy,
P01_05_110900_111759_T64_D4,P01_05,F:/EgoSSL/epic-tfc/data/EPIC-KITCHENS\P01\videos\P01_05.MP4,00:01:50.90,00:01:51.76,110.9,111.75999999999999,0.8599999999999852,6647,6699,59.939243139106054,14,4,F:/EgoSSL/epic-tfc/stage2_minidataset\dataset_npys\P01_05_110900_111759_T64_D4.npy,
P01_05_168050_168920_T64_D4,P01_05,F:/EgoSSL/epic-tfc/data/EPIC-KITCHENS\P01\videos\P01_05.MP4,00:02:48.05,00:02:48.92,168.05,168.92000000000002,0.8700000000000045,10072,10125,59.939243139106054,8,42,F:/EgoSSL/epic-tfc/stage2_minidataset\dataset_npys\P01_05_168050_168920_T64_D4.npy,
P01_05_146570_148430_T64_D4,P01_05,F:/EgoSSL/epic-tfc/data/EPIC-KITCHENS\P01\videos\P01_05.MP4,00:02:26.57,00:02:28.43,146.57,148.43,1.8600000000000136,8785,8897,59.939243139106054,3,3,F:/EgoSSL/epic-tfc/stage2_minidataset\dataset_npys\P01_05_146570_148430_T64_D4.npy,
P01_05_314460_315850_T64_D4,P01_05,F:/EgoSSL/epic-tfc/data/EPIC-KITCHENS\P01\videos\P01_05.MP4,00:05:14.46,00:05:15.85,314.46,315.85,1.3900000000000432,18848,18932,59.939243139106054,14,11,F:/EgoSSL/epic-tfc/stage2_minidataset\dataset_npys\P01_05_314460_315850_T64_D4.npy,
P01_05_30030_31100_T64_D4,P01_05,F:/EgoSSL/epic-tfc/data/EPIC-KITCHENS\P01\videos\P01_05.MP4,00:00:30.03,00:00:31.10,30.03,31.1,1.0700000000000003,1799,1865,59.939243139106054,3,3,F:/EgoSSL/epic-tfc/stage2_minidataset\dataset_npys\P01_05_30030_31100_T64_D4.npy,
P01_05_93229_94450_T64_D4,P01_05,F:/EgoSSL/epic-tfc/data/EPIC-KITCHENS\P01\videos\P01_05.MP4,00:01:33.23,00:01:34.45,93.22999999999999,94.45,1.220000000000013,5588,5662,59.939243139106054,0,17,F:/EgoSSL/epic-tfc/stage2_minidataset\dataset_npys\P01_05_93229_94450_T64_D4.npy,
P01_05_544560_546070_T64_D4,P01_05,F:/EgoSSL/epic-tfc/data/EPIC-KITCHENS\P01\videos\P01_05.MP4,00:09:04.56,00:09:06.07,544.56,546.07,1.5100000000001046,32640,32732,59.939243139106054,0,14,F:/EgoSSL/epic-tfc/stage2_minidataset\dataset_npys\P01_05_544560_546070_T64_D4.npy,
P01_05_515890_517799_T64_D4,P01_05,F:/EgoSSL/epic-tfc/data/EPIC-KITCHENS\P01\videos\P01_05.MP4,00:08:35.89,00:08:37.80,515.89,517.8,1.9099999999999682,30922,31037,59.939243139106054,28,19,F:/EgoSSL/epic-tfc/stage2_minidataset\dataset_npys\P01_05_515890_517799_T64_D4.npy,
P01_05_781670_784120_T64_D4,P01_05,F:/EgoSSL/epic-tfc/data/EPIC-KITCHENS\P01\videos\P01_05.MP4,00:13:01.67,00:13:04.12,781.67,784.12,2.4500000000000455,46852,47000,59.939243139106054,0,142,F:/EgoSSL/epic-tfc/stage2_minidataset\dataset_npys\P01_05_781670_784120_T64_D4.npy,
P01_05_414860_417200_T64_D4,P01_05,F:/EgoSSL/epic-tfc/data/EPIC-KITCHENS\P01\videos\P01_05.MP4,00:06:54.86,00:06:57.20,414.86,417.2,2.339999999999975,24866,25007,59.939243139106054,0,18,F:/EgoSSL/epic-tfc/stage2_minidataset\dataset_npys\P01_05_414860_417200_T64_D4.npy,
P01_05_543060_544810_T64_D4,P01_05,F:/EgoSSL/epic-tfc/data/EPIC-KITCHENS\P01\videos\P01_05.MP4,00:09:03.06,00:09:04.81,543.06,544.81,1.75,32550,32656,59.939243139106054,3,8,F:/EgoSSL/epic-tfc/stage2_minidataset\dataset_npys\P01_05_543060_544810_T64_D4.npy,
P01_05_184180_185190_T64_D4,P01_05,F:/EgoSSL/epic-tfc/data/EPIC-KITCHENS\P01\videos\P01_05.MP4,00:03:04.18,00:03:05.19,184.18,185.19,1.009999999999991,11039,11101,59.939243139106054,6,44,F:/EgoSSL/epic-tfc/stage2_minidataset\dataset_npys\P01_05_184180_185190_T64_D4.npy,
P01_05_1244250_1244990_T64_D4,P01_05,F:/EgoSSL/epic-tfc/data/EPIC-KITCHENS\P01\videos\P01_05.MP4,00:20:44.25,00:20:44.99,1244.25,1244.99,0.7400000000000091,74579,74624,59.939243139106054,0,277,F:/EgoSSL/epic-tfc/stage2_minidataset\dataset_npys\P01_05_1244250_1244990_T64_D4.npy,
P01_05_301930_308050_T64_D4,P01_05,F:/EgoSSL/epic-tfc/data/EPIC-KITCHENS\P01\videos\P01_05.MP4,00:05:01.93,00:05:08.05,301.93,308.05,6.1200000000000045,18097,18465,59.939243139106054,0,48,F:/EgoSSL/epic-tfc/stage2_minidataset\dataset_npys\P01_05_301930_308050_T64_D4.npy,
P01_05_142180_143820_T64_D4,P01_05,F:/EgoSSL/epic-tfc/data/EPIC-KITCHENS\P01\videos\P01_05.MP4,00:02:22.18,00:02:23.82,142.18,143.82,1.6399999999999864,8522,8621,59.939243139106054,4,3,F:/EgoSSL/epic-tfc/stage2_minidataset\dataset_npys\P01_05_142180_143820_T64_D4.npy,
P01_05_148260_150329_T64_D4,P01_05,F:/EgoSSL/epic-tfc/data/EPIC-KITCHENS\P01\videos\P01_05.MP4,00:02:28.26,00:02:30.33,148.26,150.32999999999998,2.069999999999993,8886,9011,59.939243139106054,0,30,F:/EgoSSL/epic-tfc/stage2_minidataset\dataset_npys\P01_05_148260_150329_T64_D4.npy,
P01_05_1099780_1106740_T64_D4,P01_05,F:/EgoSSL/epic-tfc/data/EPIC-KITCHENS\P01\videos\P01_05.MP4,00:18:19.78,00:18:26.74,1099.78,1106.74,6.960000000000036,65919,66338,59.939243139106054,23,86,F:/EgoSSL/epic-tfc/stage2_minidataset\dataset_npys\P01_05_1099780_1106740_T64_D4.npy,
P01_05_480620_481570_T64_D4,P01_05,F:/EgoSSL/epic-tfc/data/EPIC-KITCHENS\P01\videos\P01_05.MP4,00:08:00.62,00:08:01.57,480.62,481.57,0.9499999999999886,28807,28865,59.939243139106054,1,18,F:/EgoSSL/epic-tfc/stage2_minidataset\dataset_npys\P01_05_480620_481570_T64_D4.npy,
P01_05_81370_82760_T64_D4,P01_05,F:/EgoSSL/epic-tfc/data/EPIC-KITCHENS\P01\videos\P01_05.MP4,00:01:21.37,00:01:22.76,81.37,82.76,1.3900000000000006,4877,4961,59.939243139106054,0,10,F:/EgoSSL/epic-tfc/stage2_minidataset\dataset_npys\P01_05_81370_82760_T64_D4.npy,
P01_05_292020_293060_T64_D4,P01_05,F:/EgoSSL/epic-tfc/data/EPIC-KITCHENS\P01\videos\P01_05.MP4,00:04:52.02,00:04:53.06,292.02,293.06,1.0400000000000205,17503,17566,59.939243139106054,4,8,F:/EgoSSL/epic-tfc/stage2_minidataset\dataset_npys\P01_05_292020_293060_T64_D4.npy,
P01_05_6510_8080_T64_D4,P01_05,F:/EgoSSL/epic-tfc/data/EPIC-KITCHENS\P01\videos\P01_05.MP4,00:00:06.51,00:00:08.08,6.51,8.08,1.5700000000000003,390,485,59.939243139106054,0,56,F:/EgoSSL/epic-tfc/stage2_minidataset\dataset_npys\P01_05_6510_8080_T64_D4.npy,
P01_05_529550_531920_T64_D4,P01_05,F:/EgoSSL/epic-tfc/data/EPIC-KITCHENS\P01\videos\P01_05.MP4,00:08:49.55,00:08:51.92,529.55,531.92,2.3700000000000045,31740,31883,59.939243139106054,39,17,F:/EgoSSL/epic-tfc/stage2_minidataset\dataset_npys\P01_05_529550_531920_T64_D4.npy,
P01_05_1196860_1198160_T64_D4,P01_05,F:/EgoSSL/epic-tfc/data/EPIC-KITCHENS\P01\videos\P01_05.MP4,00:19:56.86,00:19:58.16,1196.86,1198.16,1.300000000000182,71738,71817,59.939243139106054,11,30,F:/EgoSSL/epic-tfc/stage2_minidataset\dataset_npys\P01_05_1196860_1198160_T64_D4.npy,
P01_05_1106840_1110760_T64_D4,P01_05,F:/EgoSSL/epic-tfc/data/EPIC-KITCHENS\P01\videos\P01_05.MP4,00:18:26.84,00:18:30.76,1106.84,1110.76,3.9200000000000728,66343,66579,59.939243139106054,23,86,F:/EgoSSL/epic-tfc/stage2_minidataset\dataset_npys\P01_05_1106840_1110760_T64_D4.npy,
P01_05_1213320_1214790_T64_D4,P01_05,F:/EgoSSL/epic-tfc/data/EPIC-KITCHENS\P01\videos\P01_05.MP4,00:20:13.32,00:20:14.79,1213.32,1214.79,1.4700000000000273,72725,72814,59.939243139106054,1,5,F:/EgoSSL/epic-tfc/stage2_minidataset\dataset_npys\P01_05_1213320_1214790_T64_D4.npy,
P01_05_971800_974060_T64_D4,P01_05,F:/EgoSSL/epic-tfc/data/EPIC-KITCHENS\P01\videos\P01_05.MP4,00:16:11.80,00:16:14.06,971.8,974.06,2.259999999999991,58248,58385,59.939243139106054,3,8,F:/EgoSSL/epic-tfc/stage2_minidataset\dataset_npys\P01_05_971800_974060_T64_D4.npy,
P01_05_951040_952270_T64_D4,P01_05,F:/EgoSSL/epic-tfc/data/EPIC-KITCHENS\P01\videos\P01_05.MP4,00:15:51.04,00:15:52.27,951.04,952.27,1.2300000000000182,57004,57079,59.939243139106054,4,8,F:/EgoSSL/epic-tfc/stage2_minidataset\dataset_npys\P01_05_951040_952270_T64_D4.npy,
P01_05_64530_68440_T64_D4,P01_05,F:/EgoSSL/epic-tfc/data/EPIC-KITCHENS\P01\videos\P01_05.MP4,00:01:04.53,00:01:08.44,64.53,68.44,3.9099999999999966,3867,4103,59.939243139106054,0,7,F:/EgoSSL/epic-tfc/stage2_minidataset\dataset_npys\P01_05_64530_68440_T64_D4.npy,
P01_05_780420_781280_T64_D4,P01_05,F:/EgoSSL/epic-tfc/data/EPIC-KITCHENS\P01\videos\P01_05.MP4,00:13:00.42,00:13:01.28,780.42,781.28,0.8600000000000136,46777,46830,59.939243139106054,3,8,F:/EgoSSL/epic-tfc/stage2_minidataset\dataset_npys\P01_05_780420_781280_T64_D4.npy,
P01_05_182300_184220_T64_D4,P01_05,F:/EgoSSL/epic-tfc/data/EPIC-KITCHENS\P01\videos\P01_05.MP4,00:03:02.30,00:03:04.22,182.3,184.22,1.9199999999999875,10926,11043,59.939243139106054,1,44,F:/EgoSSL/epic-tfc/stage2_minidataset\dataset_npys\P01_05_182300_184220_T64_D4.npy,
P01_05_50910_52060_T64_D4,P01_05,F:/EgoSSL/epic-tfc/data/EPIC-KITCHENS\P01\videos\P01_05.MP4,00:00:50.91,00:00:52.06,50.91,52.06,1.1500000000000057,3051,3121,59.939243139106054,11,5,F:/EgoSSL/epic-tfc/stage2_minidataset\dataset_npys\P01_05_50910_52060_T64_D4.npy,
P01_05_200500_201390_T64_D4,P01_05,F:/EgoSSL/epic-tfc/data/EPIC-KITCHENS\P01\videos\P01_05.MP4,00:03:20.50,00:03:21.39,200.5,201.39,0.8899999999999864,12017,12072,59.939243139106054,1,4,F:/EgoSSL/epic-tfc/stage2_minidataset\dataset_npys\P01_05_200500_201390_T64_D4.npy,
P01_05_196860_197810_T64_D4,P01_05,F:/EgoSSL/epic-tfc/data/EPIC-KITCHENS\P01\videos\P01_05.MP4,00:03:16.86,00:03:17.81,196.86,197.81,0.9499999999999886,11799,11857,59.939243139106054,3,8,F:/EgoSSL/epic-tfc/stage2_minidataset\dataset_npys\P01_05_196860_197810_T64_D4.npy,
P01_05_1081430_1082480_T64_D4,P01_05,F:/EgoSSL/epic-tfc/data/EPIC-KITCHENS\P01\videos\P01_05.MP4,00:18:01.43,00:18:02.48,1081.43,1082.48,1.0499999999999545,64820,64884,59.939243139106054,1,142,F:/EgoSSL/epic-tfc/stage2_minidataset\dataset_npys\P01_05_1081430_1082480_T64_D4.npy,
P01_05_329560_335150_T64_D4,P01_05,F:/EgoSSL/epic-tfc/data/EPIC-KITCHENS\P01\videos\P01_05.MP4,00:05:29.56,00:05:35.15,329.56,335.15,5.589999999999975,19753,20089,59.939243139106054,14,11,F:/EgoSSL/epic-tfc/stage2_minidataset\dataset_npys\P01_05_329560_335150_T64_D4.npy,
P01_05_413830_414530_T64_D4,P01_05,F:/EgoSSL/epic-tfc/data/EPIC-KITCHENS\P01\videos\P01_05.MP4,00:06:53.83,00:06:54.53,413.83,414.53,0.6999999999999886,24804,24847,59.939243139106054,1,1,F:/EgoSSL/epic-tfc/stage2_minidataset\dataset_npys\P01_05_413830_414530_T64_D4.npy,
P01_05_144510_146320_T64_D4,P01_05,F:/EgoSSL/epic-tfc/data/EPIC-KITCHENS\P01\videos\P01_05.MP4,00:02:24.51,00:02:26.32,144.51,146.32,1.8100000000000023,8661,8771,59.939243139106054,4,3,F:/EgoSSL/epic-tfc/stage2_minidataset\dataset_npys\P01_05_144510_146320_T64_D4.npy,
P01_05_649990_650680_T64_D4,P01_05,F:/EgoSSL/epic-tfc/data/EPIC-KITCHENS\P01\videos\P01_05.MP4,00:10:49.99,00:10:50.68,649.99,650.68,0.6899999999999409,38959,39002,59.939243139106054,13,39,F:/EgoSSL/epic-tfc/stage2_minidataset\dataset_npys\P01_05_649990_650680_T64_D4.npy,
P01_05_972730_973350_T64_D4,P01_05,F:/EgoSSL/epic-tfc/data/EPIC-KITCHENS\P01\videos\P01_05.MP4,00:16:12.73,00:16:13.35,972.73,973.35,0.6200000000000045,58304,58342,59.939243139106054,4,8,F:/EgoSSL/epic-tfc/stage2_minidataset\dataset_npys\P01_05_972730_973350_T64_D4.npy,
P01_05_399680_400680_T64_D4,P01_05,F:/EgoSSL/epic-tfc/data/EPIC-KITCHENS\P01\videos\P01_05.MP4,00:06:39.68,00:06:40.68,399.68,400.68,1.0,23956,24017,59.939243139106054,0,1,F:/EgoSSL/epic-tfc/stage2_minidataset\dataset_npys\P01_05_399680_400680_T64_D4.npy,
P01_05_799810_800550_T64_D4,P01_05,F:/EgoSSL/epic-tfc/data/EPIC-KITCHENS\P01\videos\P01_05.MP4,00:13:19.81,00:13:20.55,799.81,800.55,0.7400000000000091,47940,47985,59.939243139106054,1,1,F:/EgoSSL/epic-tfc/stage2_minidataset\dataset_npys\P01_05_799810_800550_T64_D4.npy,
P01_05_120250_121500_T64_D4,P01_05,F:/EgoSSL/epic-tfc/data/EPIC-KITCHENS\P01\videos\P01_05.MP4,00:02:00.25,00:02:01.50,120.25,121.5,1.25,7207,7283,59.939243139106054,1,17,F:/EgoSSL/epic-tfc/stage2_minidataset\dataset_npys\P01_05_120250_121500_T64_D4.npy,
P01_05_968230_970610_T64_D4,P01_05,F:/EgoSSL/epic-tfc/data/EPIC-KITCHENS\P01\videos\P01_05.MP4,00:16:08.23,00:16:10.61,968.23,970.61,2.3799999999999955,58034,58178,59.939243139106054,1,280,F:/EgoSSL/epic-tfc/stage2_minidataset\dataset_npys\P01_05_968230_970610_T64_D4.npy,
